transaction_id,transaction_date,transaction_type,amount,category,sub_category
10001,2023-01-01,Expense,12000,Bills,Rent
10002,2023-01-01,Expense,200,Entertainment,Movies
10003,2023-01-01,Income,50000,Salary,Monthly Salary
10004,2023-01-01,Expense,500,Healthcare,Gym
10005,2023-01-02,Expense,375,Other,ATM Withdrawal
10006,2023-01-03,Expense,150,Entertainment,Sports
10007,2023-01-03,Expense,375,Shopping,Clothing
10008,2023-01-03,Expense,250,Other,ATM Withdrawal
10009,2023-01-03,Expense,275,Food,Bakery
10010,2023-01-04,Expense,750,Shopping,Books
10011,2023-01-05,Savings,5000,Investment,SIP
10012,2023-01-05,Expense,600,Bills,Internet
10013,2023-01-06,Expense,90,Food,Fast Food
10014,2023-01-06,Expense,700,Shopping,Clothing
10015,2023-01-07,Expense,275,Food,Bakery
10016,2023-01-07,Expense,850,Bills,Electricity
10017,2023-01-07,Expense,375,Travel,Flight
10018,2023-01-08,Savings,500,Investment,Fixed Deposit
10019,2023-01-08,Expense,150,Shopping,Household
10020,2023-01-09,Expense,600,Shopping,Books
10021,2023-01-09,Expense,200,Entertainment,Hobbies
10022,2023-01-10,Expense,200,Other,Donations
10023,2023-01-10,Expense,300,Shopping,Household
10024,2023-01-10,Expense,400,Bills,Phone
10025,2023-01-11,Expense,50,Food,Groceries
10026,2023-01-12,Expense,600,Bills,Gas
10027,2023-01-12,Savings,850,Investment,Crypto
10028,2023-01-12,Expense,250,Food,Groceries
10029,2023-01-13,Expense,60,Food,Fast Food
10030,2023-01-14,Expense,70,Travel,Public Transport
10031,2023-01-14,Expense,100,Travel,Parking
10032,2023-01-14,Expense,300,Travel,Taxi
10033,2023-01-14,Expense,225,Entertainment,Hobbies
10034,2023-01-15,Expense,200,Healthcare,Wellness
10035,2023-01-15,Expense,200,Entertainment,Streaming
10036,2023-01-17,Expense,400,Travel,Flight
10037,2023-01-18,Expense,100,Other,ATM Withdrawal
10038,2023-01-18,Savings,1100,Investment,Mutual Funds
10039,2023-01-18,Expense,350,Travel,Taxi
10040,2023-01-19,Expense,175,Entertainment,Movies
10041,2023-01-19,Expense,750,Shopping,Household
10042,2023-01-19,Expense,275,Travel,Ride-share
10043,2023-01-20,Expense,100,Shopping,Online
10044,2023-01-20,Expense,375,Travel,Flight
10045,2023-01-20,Expense,1500,Bills,Insurance
10046,2023-01-20,Expense,400,Shopping,Online
10047,2023-01-22,Expense,250,Healthcare,Medical
10048,2023-01-24,Savings,600,Investment,Crypto
10049,2023-01-24,Expense,225,Food,Bakery
10050,2023-01-24,Expense,80,Travel,Public Transport
10051,2023-01-25,Expense,100,Travel,Public Transport
10052,2023-01-25,Expense,300,Travel,Fuel
10053,2023-01-26,Expense,125,Shopping,Electronics
10054,2023-01-26,Expense,550,Shopping,Books
10055,2023-01-26,Expense,200,Entertainment,Hobbies
10056,2023-01-27,Expense,225,Entertainment,Movies
10057,2023-01-29,Expense,70,Food,Coffee Shop
10058,2023-01-29,Expense,60,Travel,Public Transport
10059,2023-01-30,Expense,350,Other,ATM Withdrawal
10060,2023-01-31,Expense,275,Food,Groceries
10061,2023-02-01,Expense,475,Travel,Ride-share
10062,2023-02-01,Expense,12000,Bills,Rent
10063,2023-02-01,Income,50000,Salary,Monthly Salary
10064,2023-02-01,Expense,500,Healthcare,Gym
10065,2023-02-02,Expense,150,Travel,Ride-share
10066,2023-02-02,Income,2300,Investment Returns,Interest
10067,2023-02-05,Expense,425,Travel,Taxi
10068,2023-02-05,Expense,600,Bills,Internet
10069,2023-02-05,Savings,5000,Investment,SIP
10070,2023-02-07,Expense,700,Bills,Electricity
10071,2023-02-08,Expense,250,Entertainment,Events
10072,2023-02-08,Expense,350,Healthcare,Wellness
10073,2023-02-08,Savings,1400,Investment,Stocks
10074,2023-02-09,Expense,650,Shopping,Household
10075,2023-02-09,Savings,1800,Investment,Fixed Deposit
10076,2023-02-10,Expense,70,Food,Coffee Shop
10077,2023-02-10,Expense,600,Shopping,Clothing
10078,2023-02-10,Expense,400,Bills,Phone
10079,2023-02-11,Expense,650,Shopping,Online
10080,2023-02-11,Expense,60,Food,Coffee Shop
10081,2023-02-12,Expense,250,Food,Bakery
10082,2023-02-12,Expense,600,Bills,Gas
10083,2023-02-13,Expense,225,Healthcare,Wellness
10084,2023-02-13,Expense,250,Food,Groceries
10085,2023-02-14,Expense,175,Travel,Parking
10086,2023-02-14,Savings,850,Investment,Mutual Funds
10087,2023-02-14,Expense,350,Healthcare,Wellness
10088,2023-02-15,Expense,400,Healthcare,Medical
10089,2023-02-15,Expense,200,Entertainment,Streaming
10090,2023-02-16,Expense,70,Travel,Public Transport
10091,2023-02-16,Savings,800,Investment,Fixed Deposit
10092,2023-02-17,Expense,325,Healthcare,Medical
10093,2023-02-18,Expense,125,Other,Donations
10094,2023-02-19,Expense,275,Other,Gifts
10095,2023-02-19,Savings,750,Investment,Fixed Deposit
10096,2023-02-20,Expense,100,Travel,Parking
10097,2023-02-20,Expense,1500,Bills,Insurance
10098,2023-02-21,Expense,80,Entertainment,Sports
10099,2023-02-22,Expense,50,Food,Restaurants
10100,2023-02-23,Expense,100,Food,Bakery
10101,2023-02-23,Expense,100,Food,Coffee Shop
10102,2023-02-24,Expense,70,Food,Coffee Shop
10103,2023-02-24,Expense,475,Travel,Hotel
10104,2023-02-25,Expense,200,Food,Groceries
10105,2023-02-25,Expense,300,Other,Miscellaneous
10106,2023-02-25,Expense,425,Travel,Flight
10107,2023-02-27,Expense,100,Food,Fast Food
10108,2023-02-27,Expense,600,Shopping,Books
10109,2023-02-28,Expense,300,Healthcare,Medical
10110,2023-02-28,Expense,60,Food,Groceries
10111,2023-03-01,Expense,12000,Bills,Rent
10112,2023-03-01,Savings,800,Investment,Stocks
10113,2023-03-01,Expense,300,Other,Gifts
10114,2023-03-01,Expense,500,Healthcare,Gym
10115,2023-03-01,Income,50000,Salary,Monthly Salary
10116,2023-03-02,Expense,650,Shopping,Online
10117,2023-03-02,Expense,600,Shopping,Household
10118,2023-03-02,Savings,850,Investment,Fixed Deposit
10119,2023-03-03,Income,1700,Investment Returns,Dividend
10120,2023-03-04,Expense,225,Food,Groceries
10121,2023-03-05,Expense,600,Bills,Internet
10122,2023-03-05,Income,1600,Investment Returns,Interest
10123,2023-03-05,Savings,5000,Investment,SIP
10124,2023-03-05,Expense,80,Entertainment,Sports
10125,2023-03-05,Expense,300,Food,Groceries
10126,2023-03-05,Expense,475,Travel,Hotel
10127,2023-03-05,Expense,100,Food,Restaurants
10128,2023-03-06,Expense,225,Travel,Fuel
10129,2023-03-06,Expense,125,Healthcare,Pharmacy
10130,2023-03-07,Expense,750,Bills,Electricity
10131,2023-03-08,Expense,175,Travel,Parking
10132,2023-03-08,Expense,225,Entertainment,Events
10133,2023-03-09,Expense,475,Travel,Ride-share
10134,2023-03-10,Expense,125,Shopping,Online
10135,2023-03-10,Expense,70,Food,Coffee Shop
10136,2023-03-10,Expense,400,Bills,Phone
10137,2023-03-10,Expense,250,Healthcare,Medical
10138,2023-03-12,Expense,275,Healthcare,Pharmacy
10139,2023-03-12,Expense,600,Bills,Gas
10140,2023-03-13,Expense,500,Shopping,Personal Care
10141,2023-03-14,Savings,1200,Investment,Stocks
10142,2023-03-14,Expense,600,Shopping,Personal Care
10143,2023-03-15,Expense,200,Entertainment,Streaming
10144,2023-03-15,Expense,80,Food,Fast Food
10145,2023-03-16,Income,1500,Investment Returns,Mutual Fund Returns
10146,2023-03-17,Expense,100,Entertainment,Hobbies
10147,2023-03-17,Savings,1800,Investment,Stocks
10148,2023-03-17,Expense,500,Travel,Hotel
10149,2023-03-18,Income,2800,Investment Returns,Interest
10150,2023-03-18,Expense,250,Travel,Ride-share
10151,2023-03-18,Expense,350,Healthcare,Wellness
10152,2023-03-18,Expense,700,Shopping,Household
10153,2023-03-18,Expense,300,Shopping,Electronics
10154,2023-03-19,Expense,250,Shopping,Personal Care
10155,2023-03-20,Expense,1500,Bills,Insurance
10156,2023-03-21,Expense,225,Food,Restaurants
10157,2023-03-22,Expense,125,Entertainment,Events
10158,2023-03-22,Expense,350,Travel,Hotel
10159,2023-03-22,Expense,375,Other,Gifts
10160,2023-03-22,Expense,90,Food,Fast Food
10161,2023-03-22,Expense,80,Entertainment,Hobbies
10162,2023-03-23,Expense,60,Food,Fast Food
10163,2023-03-24,Expense,700,Shopping,Electronics
10164,2023-03-24,Expense,175,Food,Restaurants
10165,2023-03-24,Expense,200,Entertainment,Gaming
10166,2023-03-25,Expense,125,Healthcare,Wellness
10167,2023-03-25,Expense,100,Entertainment,Sports
10168,2023-03-26,Expense,275,Food,Delivery
10169,2023-03-27,Expense,450,Travel,Hotel
10170,2023-03-27,Savings,1600,Investment,Crypto
10171,2023-03-28,Savings,1300,Investment,Stocks
10172,2023-03-28,Expense,375,Healthcare,Wellness
10173,2023-03-28,Expense,50,Food,Delivery
10174,2023-03-29,Expense,150,Other,Gifts
10175,2023-03-30,Expense,350,Other,ATM Withdrawal
10176,2023-03-30,Expense,250,Food,Bakery
10177,2023-03-30,Expense,175,Entertainment,Gaming
10178,2023-03-31,Expense,275,Food,Restaurants
10179,2023-04-01,Expense,500,Healthcare,Gym
10180,2023-04-01,Expense,500,Travel,Taxi
10181,2023-04-01,Expense,12000,Bills,Rent
10182,2023-04-01,Income,50000,Salary,Monthly Salary
10183,2023-04-01,Income,1300,Investment Returns,Dividend
10184,2023-04-02,Expense,400,Shopping,Online
10185,2023-04-04,Expense,150,Food,Restaurants
10186,2023-04-04,Expense,375,Other,Transfer
10187,2023-04-04,Expense,450,Travel,Taxi
10188,2023-04-05,Expense,150,Shopping,Household
10189,2023-04-05,Savings,5000,Investment,SIP
10190,2023-04-05,Expense,600,Bills,Internet
10191,2023-04-05,Income,1800,Investment Returns,Dividend
10192,2023-04-07,Expense,90,Food,Groceries
10193,2023-04-07,Expense,125,Entertainment,Sports
10194,2023-04-07,Expense,750,Bills,Electricity
10195,2023-04-08,Expense,125,Food,Bakery
10196,2023-04-08,Expense,150,Food,Restaurants
10197,2023-04-09,Expense,175,Shopping,Books
10198,2023-04-10,Expense,125,Food,Groceries
10199,2023-04-10,Expense,375,Travel,Ride-share
10200,2023-04-10,Expense,90,Travel,Fuel
10201,2023-04-10,Expense,400,Bills,Phone
10202,2023-04-11,Expense,90,Food,Coffee Shop
10203,2023-04-11,Savings,1100,Investment,Mutual Funds
10204,2023-04-11,Expense,300,Shopping,Books
10205,2023-04-11,Savings,900,Investment,Crypto
10206,2023-04-12,Expense,600,Bills,Gas
10207,2023-04-12,Expense,700,Shopping,Electronics
10208,2023-04-12,Expense,70,Food,Bakery
10209,2023-04-13,Expense,225,Entertainment,Movies
10210,2023-04-13,Expense,425,Other,Miscellaneous
10211,2023-04-13,Expense,70,Food,Coffee Shop
10212,2023-04-14,Income,1500,Investment Returns,Dividend
10213,2023-04-14,Income,550,Investment Returns,Interest
10214,2023-04-15,Expense,80,Food,Coffee Shop
10215,2023-04-15,Expense,200,Entertainment,Streaming
10216,2023-04-15,Expense,200,Food,Groceries
10217,2023-04-16,Expense,425,Other,Miscellaneous
10218,2023-04-16,Expense,125,Food,Restaurants
10219,2023-04-16,Savings,950,Investment,Crypto
10220,2023-04-17,Expense,60,Food,Fast Food
10221,2023-04-17,Expense,175,Healthcare,Wellness
10222,2023-04-18,Expense,175,Other,Donations
10223,2023-04-18,Expense,90,Food,Restaurants
10224,2023-04-18,Expense,225,Travel,Fuel
10225,2023-04-19,Income,2300,Investment Returns,Dividend
10226,2023-04-20,Expense,1500,Bills,Insurance
10227,2023-04-20,Expense,90,Food,Restaurants
10228,2023-04-21,Expense,200,Shopping,Electronics
10229,2023-04-22,Expense,60,Food,Coffee Shop
10230,2023-04-22,Expense,175,Entertainment,Movies
10231,2023-04-22,Expense,150,Entertainment,Hobbies
10232,2023-04-22,Expense,225,Entertainment,Gaming
10233,2023-04-22,Expense,200,Entertainment,Gaming
10234,2023-04-22,Savings,1900,Investment,Stocks
10235,2023-04-23,Expense,100,Food,Groceries
10236,2023-04-23,Expense,550,Shopping,Online
10237,2023-04-24,Expense,175,Food,Groceries
10238,2023-04-24,Expense,100,Travel,Parking
10239,2023-04-25,Expense,70,Food,Fast Food
10240,2023-04-25,Expense,425,Other,Miscellaneous
10241,2023-04-25,Expense,250,Food,Restaurants
10242,2023-04-25,Expense,500,Shopping,Electronics
10243,2023-04-26,Expense,100,Entertainment,Gaming
10244,2023-04-26,Expense,275,Travel,Ride-share
10245,2023-04-28,Expense,225,Food,Groceries
10246,2023-04-30,Expense,175,Healthcare,Wellness
10247,2023-04-30,Savings,1400,Investment,Mutual Funds
10248,2023-05-01,Income,50000,Salary,Monthly Salary
10249,2023-05-01,Expense,150,Food,Restaurants
10250,2023-05-01,Expense,70,Travel,Taxi
10251,2023-05-01,Expense,12000,Bills,Rent
10252,2023-05-01,Expense,70,Entertainment,Gaming
10253,2023-05-01,Expense,500,Healthcare,Gym
10254,2023-05-02,Expense,200,Travel,Taxi
10255,2023-05-02,Expense,375,Travel,Hotel
10256,2023-05-03,Expense,150,Other,Miscellaneous
10257,2023-05-03,Expense,600,Shopping,Electronics
10258,2023-05-03,Expense,150,Food,Restaurants
10259,2023-05-04,Expense,475,Other,Miscellaneous
10260,2023-05-04,Savings,800,Investment,Fixed Deposit
10261,2023-05-04,Expense,400,Travel,Hotel
10262,2023-05-04,Expense,100,Food,Coffee Shop
10263,2023-05-05,Expense,600,Bills,Internet
10264,2023-05-05,Savings,5000,Investment,SIP
10265,2023-05-05,Expense,275,Healthcare,Pharmacy
10266,2023-05-05,Expense,650,Shopping,Household
10267,2023-05-05,Expense,125,Food,Bakery
10268,2023-05-06,Income,1000,Investment Returns,Dividend
10269,2023-05-07,Expense,850,Bills,Electricity
10270,2023-05-07,Expense,650,Shopping,Electronics
10271,2023-05-08,Expense,375,Travel,Flight
10272,2023-05-09,Expense,100,Travel,Taxi
10273,2023-05-10,Expense,60,Entertainment,Hobbies
10274,2023-05-10,Expense,250,Food,Bakery
10275,2023-05-10,Expense,175,Entertainment,Events
10276,2023-05-10,Expense,250,Travel,Ride-share
10277,2023-05-10,Expense,400,Bills,Phone
10278,2023-05-11,Expense,150,Food,Delivery
10279,2023-05-11,Expense,150,Food,Delivery
10280,2023-05-11,Expense,150,Other,ATM Withdrawal
10281,2023-05-11,Expense,500,Travel,Taxi
10282,2023-05-12,Expense,50,Food,Fast Food
10283,2023-05-12,Expense,600,Bills,Gas
10284,2023-05-13,Savings,1200,Investment,Fixed Deposit
10285,2023-05-13,Expense,80,Food,Coffee Shop
10286,2023-05-14,Expense,175,Food,Delivery
10287,2023-05-14,Expense,300,Shopping,Clothing
10288,2023-05-15,Expense,70,Food,Fast Food
10289,2023-05-15,Expense,200,Entertainment,Streaming
10290,2023-05-16,Expense,600,Shopping,Online
10291,2023-05-17,Expense,350,Healthcare,Medical
10292,2023-05-18,Expense,375,Other,Donations
10293,2023-05-18,Expense,375,Shopping,Clothing
10294,2023-05-20,Expense,1500,Bills,Insurance
10295,2023-05-21,Expense,200,Food,Restaurants
10296,2023-05-21,Expense,125,Entertainment,Gaming
10297,2023-05-21,Expense,60,Food,Bakery
10298,2023-05-21,Expense,150,Healthcare,Medical
10299,2023-05-21,Expense,50,Food,Coffee Shop
10300,2023-05-22,Expense,60,Travel,Parking
10301,2023-05-22,Expense,90,Food,Coffee Shop
10302,2023-05-22,Expense,475,Travel,Hotel
10303,2023-05-23,Expense,70,Food,Fast Food
10304,2023-05-23,Expense,90,Food,Fast Food
10305,2023-05-23,Expense,125,Entertainment,Gaming
10306,2023-05-24,Expense,200,Other,Donations
10307,2023-05-25,Expense,225,Entertainment,Hobbies
10308,2023-05-26,Expense,700,Shopping,Household
10309,2023-05-26,Expense,375,Healthcare,Medical
10310,2023-05-26,Expense,400,Other,Transfer
10311,2023-05-26,Income,1800,Investment Returns,Capital Gains
10312,2023-05-26,Expense,200,Food,Bakery
10313,2023-05-26,Expense,450,Travel,Taxi
10314,2023-05-27,Expense,80,Food,Coffee Shop
10315,2023-05-28,Expense,400,Other,ATM Withdrawal
10316,2023-05-29,Expense,225,Entertainment,Events
10317,2023-05-29,Expense,175,Food,Groceries
10318,2023-05-30,Expense,175,Entertainment,Events
10319,2023-05-30,Expense,325,Travel,Fuel
10320,2023-05-30,Expense,150,Food,Delivery
10321,2023-05-30,Expense,250,Travel,Fuel
10322,2023-05-31,Expense,125,Food,Groceries
10323,2023-05-31,Expense,175,Travel,Fuel
10324,2023-06-01,Income,50000,Salary,Monthly Salary
10325,2023-06-01,Expense,12000,Bills,Rent
10326,2023-06-01,Expense,500,Healthcare,Gym
10327,2023-06-01,Expense,400,Other,Miscellaneous
10328,2023-06-01,Expense,90,Food,Delivery
10329,2023-06-02,Expense,450,Travel,Hotel
10330,2023-06-02,Expense,500,Travel,Flight
10331,2023-06-03,Expense,800,Shopping,Clothing
10332,2023-06-03,Expense,500,Shopping,Personal Care
10333,2023-06-03,Expense,250,Food,Delivery
10334,2023-06-03,Expense,750,Shopping,Personal Care
10335,2023-06-04,Expense,250,Food,Restaurants
10336,2023-06-04,Expense,275,Food,Bakery
10337,2023-06-05,Expense,600,Bills,Internet
10338,2023-06-05,Expense,475,Other,Gifts
10339,2023-06-05,Savings,5000,Investment,SIP
10340,2023-06-06,Expense,225,Entertainment,Movies
10341,2023-06-07,Expense,850,Bills,Electricity
10342,2023-06-07,Expense,425,Shopping,Household
10343,2023-06-07,Expense,60,Food,Coffee Shop
10344,2023-06-07,Expense,60,Travel,Public Transport
10345,2023-06-08,Expense,200,Healthcare,Wellness
10346,2023-06-09,Expense,100,Entertainment,Hobbies
10347,2023-06-09,Expense,350,Shopping,Electronics
10348,2023-06-09,Expense,350,Shopping,Personal Care
10349,2023-06-09,Expense,425,Other,Donations
10350,2023-06-09,Income,800,Investment Returns,Mutual Fund Returns
10351,2023-06-09,Expense,325,Travel,Ride-share
10352,2023-06-09,Expense,80,Food,Fast Food
10353,2023-06-10,Expense,450,Other,Donations
10354,2023-06-10,Expense,400,Bills,Phone
10355,2023-06-10,Expense,375,Travel,Taxi
10356,2023-06-11,Expense,475,Travel,Taxi
10357,2023-06-11,Expense,150,Entertainment,Sports
10358,2023-06-11,Expense,100,Travel,Public Transport
10359,2023-06-12,Expense,600,Bills,Gas
10360,2023-06-12,Expense,300,Healthcare,Pharmacy
10361,2023-06-12,Savings,850,Investment,Mutual Funds
10362,2023-06-13,Expense,350,Healthcare,Pharmacy
10363,2023-06-13,Expense,150,Healthcare,Medical
10364,2023-06-15,Expense,200,Entertainment,Streaming
10365,2023-06-15,Expense,100,Other,ATM Withdrawal
10366,2023-06-15,Expense,500,Travel,Flight
10367,2023-06-17,Expense,250,Travel,Taxi
10368,2023-06-17,Expense,225,Entertainment,Events
10369,2023-06-17,Expense,700,Shopping,Household
10370,2023-06-17,Expense,225,Food,Delivery
10371,2023-06-18,Expense,425,Travel,Flight
10372,2023-06-20,Expense,1500,Bills,Insurance
10373,2023-06-20,Expense,175,Healthcare,Medical
10374,2023-06-20,Expense,400,Other,Donations
10375,2023-06-22,Expense,500,Shopping,Personal Care
10376,2023-06-22,Expense,350,Other,Transfer
10377,2023-06-23,Expense,80,Food,Fast Food
10378,2023-06-23,Expense,475,Travel,Flight
10379,2023-06-23,Expense,175,Shopping,Personal Care
10380,2023-06-24,Expense,90,Entertainment,Events
10381,2023-06-24,Expense,150,Food,Groceries
10382,2023-06-24,Expense,400,Travel,Fuel
10383,2023-06-25,Expense,175,Food,Bakery
10384,2023-06-26,Income,1500,Investment Returns,Mutual Fund Returns
10385,2023-06-27,Savings,1800,Investment,Crypto
10386,2023-06-27,Expense,90,Food,Fast Food
10387,2023-06-28,Expense,450,Travel,Parking
10388,2023-06-29,Savings,1300,Investment,Crypto
10389,2023-06-29,Expense,375,Shopping,Online
10390,2023-06-30,Expense,250,Food,Delivery
10391,2023-06-30,Expense,250,Other,Miscellaneous
10392,2023-06-30,Expense,60,Food,Fast Food
10393,2023-07-01,Income,50000,Salary,Monthly Salary
10394,2023-07-01,Expense,300,Other,Transfer
10395,2023-07-01,Expense,500,Healthcare,Gym
10396,2023-07-01,Expense,550,Shopping,Books
10397,2023-07-01,Expense,12000,Bills,Rent
10398,2023-07-02,Expense,450,Other,Donations
10399,2023-07-02,Expense,350,Shopping,Electronics
10400,2023-07-03,Expense,200,Healthcare,Pharmacy
10401,2023-07-03,Expense,80,Travel,Public Transport
10402,2023-07-03,Savings,1500,Investment,Mutual Funds
10403,2023-07-04,Expense,80,Food,Coffee Shop
10404,2023-07-04,Expense,100,Healthcare,Medical
10405,2023-07-05,Expense,300,Other,ATM Withdrawal
10406,2023-07-05,Expense,600,Bills,Internet
10407,2023-07-05,Expense,650,Shopping,Electronics
10408,2023-07-05,Savings,5000,Investment,SIP
10409,2023-07-05,Expense,325,Other,Miscellaneous
10410,2023-07-05,Expense,125,Shopping,Online
10411,2023-07-06,Expense,250,Travel,Taxi
10412,2023-07-06,Expense,125,Food,Delivery
10413,2023-07-07,Expense,250,Food,Restaurants
10414,2023-07-07,Expense,900,Bills,Electricity
10415,2023-07-10,Expense,500,Shopping,Online
10416,2023-07-10,Expense,500,Travel,Flight
10417,2023-07-10,Expense,225,Entertainment,Events
10418,2023-07-10,Expense,275,Travel,Parking
10419,2023-07-10,Expense,400,Bills,Phone
10420,2023-07-10,Expense,60,Food,Fast Food
10421,2023-07-10,Expense,750,Shopping,Clothing
10422,2023-07-10,Expense,175,Entertainment,Sports
10423,2023-07-12,Expense,600,Bills,Gas
10424,2023-07-12,Expense,300,Healthcare,Wellness
10425,2023-07-14,Expense,50,Entertainment,Movies
10426,2023-07-14,Expense,70,Food,Fast Food
10427,2023-07-14,Expense,150,Travel,Fuel
10428,2023-07-15,Expense,175,Entertainment,Sports
10429,2023-07-15,Expense,475,Travel,Taxi
10430,2023-07-15,Expense,475,Travel,Ride-share
10431,2023-07-15,Expense,300,Healthcare,Wellness
10432,2023-07-15,Expense,500,Travel,Ride-share
10433,2023-07-15,Expense,200,Entertainment,Streaming
10434,2023-07-16,Expense,250,Entertainment,Gaming
10435,2023-07-18,Expense,550,Shopping,Clothing
10436,2023-07-18,Expense,125,Food,Groceries
10437,2023-07-19,Expense,350,Other,Gifts
10438,2023-07-20,Expense,300,Other,Gifts
10439,2023-07-20,Expense,1500,Bills,Insurance
10440,2023-07-20,Expense,225,Food,Groceries
10441,2023-07-20,Expense,150,Other,Donations
10442,2023-07-21,Expense,150,Food,Groceries
10443,2023-07-21,Expense,350,Other,Miscellaneous
10444,2023-07-22,Expense,275,Healthcare,Medical
10445,2023-07-23,Expense,200,Food,Restaurants
10446,2023-07-24,Expense,250,Other,Donations
10447,2023-07-24,Expense,175,Food,Groceries
10448,2023-07-25,Expense,125,Food,Restaurants
10449,2023-07-25,Expense,90,Food,Delivery
10450,2023-07-25,Expense,500,Shopping,Clothing
10451,2023-07-25,Expense,400,Travel,Ride-share
10452,2023-07-26,Expense,475,Shopping,Books
10453,2023-07-26,Expense,70,Travel,Taxi
10454,2023-07-26,Expense,700,Shopping,Online
10455,2023-07-27,Expense,90,Food,Coffee Shop
10456,2023-07-27,Expense,175,Entertainment,Events
10457,2023-07-29,Expense,200,Travel,Fuel
10458,2023-07-29,Expense,225,Entertainment,Hobbies
10459,2023-07-30,Expense,125,Food,Groceries
10460,2023-07-30,Expense,550,Shopping,Personal Care
10461,2023-07-30,Expense,125,Healthcare,Medical
10462,2023-07-30,Expense,250,Food,Bakery
10463,2023-07-31,Expense,125,Other,ATM Withdrawal
10464,2023-08-01,Expense,90,Food,Coffee Shop
10465,2023-08-01,Income,50000,Salary,Monthly Salary
10466,2023-08-01,Expense,12000,Bills,Rent
10467,2023-08-01,Expense,80,Food,Coffee Shop
10468,2023-08-01,Expense,500,Healthcare,Gym
10469,2023-08-01,Expense,475,Shopping,Electronics
10470,2023-08-02,Expense,200,Shopping,Household
10471,2023-08-03,Expense,600,Shopping,Personal Care
10472,2023-08-05,Savings,5000,Investment,SIP
10473,2023-08-05,Expense,600,Bills,Internet
10474,2023-08-05,Expense,425,Shopping,Electronics
10475,2023-08-06,Expense,225,Entertainment,Movies
10476,2023-08-06,Expense,200,Entertainment,Events
10477,2023-08-06,Expense,375,Other,Gifts
10478,2023-08-06,Expense,250,Shopping,Household
10479,2023-08-07,Expense,700,Bills,Electricity
10480,2023-08-07,Savings,800,Investment,Stocks
10481,2023-08-08,Expense,250,Healthcare,Medical
10482,2023-08-08,Expense,60,Travel,Public Transport
10483,2023-08-08,Income,1900,Investment Returns,Capital Gains
10484,2023-08-08,Expense,200,Food,Bakery
10485,2023-08-09,Expense,80,Food,Delivery
10486,2023-08-10,Expense,50,Food,Coffee Shop
10487,2023-08-10,Expense,400,Bills,Phone
10488,2023-08-10,Expense,275,Food,Delivery
10489,2023-08-10,Expense,90,Food,Fast Food
10490,2023-08-11,Expense,175,Entertainment,Gaming
10491,2023-08-12,Expense,600,Bills,Gas
10492,2023-08-12,Expense,475,Travel,Flight
10493,2023-08-14,Expense,50,Food,Restaurants
10494,2023-08-15,Expense,225,Healthcare,Wellness
10495,2023-08-15,Expense,200,Entertainment,Streaming
10496,2023-08-16,Expense,80,Food,Fast Food
10497,2023-08-16,Savings,1200,Investment,Fixed Deposit
10498,2023-08-18,Expense,425,Travel,Fuel
10499,2023-08-20,Savings,1700,Investment,Stocks
10500,2023-08-20,Expense,150,Entertainment,Sports
10501,2023-08-20,Expense,425,Travel,Fuel
10502,2023-08-20,Expense,300,Healthcare,Medical
10503,2023-08-20,Expense,1500,Bills,Insurance
10504,2023-08-21,Expense,100,Entertainment,Sports
10505,2023-08-22,Expense,200,Entertainment,Movies
10506,2023-08-22,Expense,80,Food,Coffee Shop
10507,2023-08-22,Expense,90,Travel,Public Transport
10508,2023-08-23,Income,2900,Investment Returns,Dividend
10509,2023-08-23,Expense,300,Food,Restaurants
10510,2023-08-23,Expense,225,Food,Bakery
10511,2023-08-24,Expense,425,Travel,Fuel
10512,2023-08-25,Expense,600,Shopping,Electronics
10513,2023-08-26,Expense,275,Food,Delivery
10514,2023-08-26,Expense,175,Other,ATM Withdrawal
10515,2023-08-28,Savings,1600,Investment,Fixed Deposit
10516,2023-08-29,Expense,500,Other,Donations
10517,2023-08-29,Expense,475,Travel,Flight
10518,2023-08-29,Expense,500,Travel,Flight
10519,2023-08-29,Expense,250,Food,Bakery
10520,2023-08-29,Savings,1900,Investment,Stocks
10521,2023-08-29,Expense,475,Travel,Hotel
10522,2023-08-30,Expense,90,Food,Fast Food
10523,2023-08-30,Expense,175,Shopping,Online
10524,2023-08-31,Expense,90,Food,Coffee Shop
10525,2023-08-31,Expense,500,Travel,Ride-share
10526,2023-08-31,Expense,125,Entertainment,Gaming
10527,2023-09-01,Income,50000,Salary,Monthly Salary
10528,2023-09-01,Expense,12000,Bills,Rent
10529,2023-09-01,Expense,300,Food,Restaurants
10530,2023-09-01,Expense,500,Healthcare,Gym
10531,2023-09-02,Expense,175,Food,Bakery
10532,2023-09-03,Expense,450,Other,ATM Withdrawal
10533,2023-09-04,Expense,425,Travel,Hotel
10534,2023-09-04,Expense,325,Healthcare,Medical
10535,2023-09-05,Expense,600,Bills,Internet
10536,2023-09-05,Savings,5000,Investment,SIP
10537,2023-09-05,Expense,90,Food,Coffee Shop
10538,2023-09-05,Expense,100,Food,Bakery
10539,2023-09-06,Expense,250,Food,Restaurants
10540,2023-09-07,Savings,1000,Investment,Fixed Deposit
10541,2023-09-07,Expense,800,Bills,Electricity
10542,2023-09-07,Expense,175,Healthcare,Wellness
10543,2023-09-10,Expense,150,Entertainment,Sports
10544,2023-09-10,Expense,400,Bills,Phone
10545,2023-09-11,Expense,125,Shopping,Books
10546,2023-09-11,Savings,650,Investment,Mutual Funds
10547,2023-09-11,Expense,150,Food,Delivery
10548,2023-09-12,Expense,600,Bills,Gas
10549,2023-09-12,Expense,70,Food,Fast Food
10550,2023-09-13,Expense,50,Food,Fast Food
10551,2023-09-13,Expense,275,Food,Bakery
10552,2023-09-15,Income,550,Investment Returns,Interest
10553,2023-09-15,Expense,200,Entertainment,Streaming
10554,2023-09-16,Expense,100,Food,Coffee Shop
10555,2023-09-16,Expense,275,Food,Bakery
10556,2023-09-16,Expense,400,Shopping,Clothing
10557,2023-09-16,Expense,225,Food,Delivery
10558,2023-09-17,Expense,475,Travel,Flight
10559,2023-09-17,Expense,125,Other,Donations
10560,2023-09-18,Expense,375,Other,ATM Withdrawal
10561,2023-09-18,Income,1500,Investment Returns,Dividend
10562,2023-09-18,Expense,150,Food,Restaurants
10563,2023-09-20,Expense,275,Shopping,Books
10564,2023-09-20,Expense,175,Food,Bakery
10565,2023-09-20,Expense,80,Food,Coffee Shop
10566,2023-09-20,Expense,1500,Bills,Insurance
10567,2023-09-21,Expense,750,Shopping,Clothing
10568,2023-09-22,Expense,175,Food,Delivery
10569,2023-09-23,Expense,350,Healthcare,Medical
10570,2023-09-23,Expense,90,Food,Coffee Shop
10571,2023-09-24,Expense,375,Other,Gifts
10572,2023-09-25,Expense,175,Other,ATM Withdrawal
10573,2023-09-25,Expense,225,Entertainment,Sports
10574,2023-09-25,Savings,1200,Investment,Stocks
10575,2023-09-25,Expense,300,Food,Bakery
10576,2023-09-26,Expense,70,Food,Coffee Shop
10577,2023-09-26,Expense,350,Healthcare,Wellness
10578,2023-09-26,Expense,70,Food,Fast Food
10579,2023-09-27,Expense,275,Food,Groceries
10580,2023-09-28,Expense,275,Food,Bakery
10581,2023-09-28,Expense,400,Travel,Flight
10582,2023-09-28,Expense,80,Travel,Parking
10583,2023-09-28,Expense,425,Travel,Parking
10584,2023-09-28,Expense,50,Entertainment,Movies
10585,2023-09-29,Expense,150,Entertainment,Gaming
10586,2023-09-30,Expense,500,Travel,Flight
10587,2023-09-30,Expense,475,Travel,Flight
10588,2023-10-01,Expense,650,Shopping,Books
10589,2023-10-01,Income,50000,Salary,Monthly Salary
10590,2023-10-01,Expense,125,Entertainment,Gaming
10591,2023-10-01,Expense,12000,Bills,Rent
10592,2023-10-01,Expense,500,Healthcare,Gym
10593,2023-10-02,Expense,425,Travel,Hotel
10594,2023-10-02,Expense,800,Shopping,Online
10595,2023-10-02,Expense,60,Travel,Public Transport
10596,2023-10-03,Expense,60,Food,Fast Food
10597,2023-10-03,Expense,375,Healthcare,Pharmacy
10598,2023-10-05,Expense,600,Bills,Internet
10599,2023-10-05,Savings,5000,Investment,SIP
10600,2023-10-05,Savings,1100,Investment,Crypto
10601,2023-10-05,Expense,100,Food,Delivery
10602,2023-10-06,Income,850,Investment Returns,Dividend
10603,2023-10-06,Expense,175,Shopping,Personal Care
10604,2023-10-06,Expense,70,Travel,Public Transport
10605,2023-10-07,Expense,400,Other,Gifts
10606,2023-10-07,Expense,700,Bills,Electricity
10607,2023-10-07,Expense,175,Healthcare,Pharmacy
10608,2023-10-08,Expense,70,Food,Bakery
10609,2023-10-08,Expense,700,Shopping,Household
10610,2023-10-09,Expense,475,Travel,Fuel
10611,2023-10-09,Expense,100,Shopping,Books
10612,2023-10-09,Expense,425,Other,Miscellaneous
10613,2023-10-09,Expense,70,Food,Restaurants
10614,2023-10-10,Expense,400,Bills,Phone
10615,2023-10-10,Expense,225,Travel,Taxi
10616,2023-10-11,Expense,125,Entertainment,Gaming
10617,2023-10-11,Expense,70,Food,Coffee Shop
10618,2023-10-11,Expense,50,Food,Fast Food
10619,2023-10-11,Expense,175,Other,Gifts
10620,2023-10-12,Income,2400,Investment Returns,Dividend
10621,2023-10-12,Expense,600,Bills,Gas
10622,2023-10-12,Expense,175,Food,Bakery
10623,2023-10-14,Expense,100,Shopping,Clothing
10624,2023-10-14,Expense,125,Shopping,Books
10625,2023-10-14,Expense,275,Food,Groceries
10626,2023-10-14,Expense,500,Travel,Hotel
10627,2023-10-14,Expense,90,Entertainment,Hobbies
10628,2023-10-15,Expense,200,Entertainment,Streaming
10629,2023-10-17,Expense,225,Travel,Taxi
10630,2023-10-17,Expense,60,Entertainment,Movies
10631,2023-10-17,Expense,175,Other,Gifts
10632,2023-10-17,Savings,1100,Investment,Mutual Funds
10633,2023-10-17,Expense,70,Food,Fast Food
10634,2023-10-18,Expense,700,Shopping,Clothing
10635,2023-10-18,Expense,70,Travel,Public Transport
10636,2023-10-19,Expense,750,Shopping,Personal Care
10637,2023-10-19,Savings,1700,Investment,Crypto
10638,2023-10-20,Expense,300,Travel,Fuel
10639,2023-10-20,Expense,1500,Bills,Insurance
10640,2023-10-21,Expense,425,Travel,Flight
10641,2023-10-21,Income,2600,Investment Returns,Dividend
10642,2023-10-22,Expense,90,Food,Fast Food
10643,2023-10-22,Expense,550,Shopping,Personal Care
10644,2023-10-22,Expense,70,Food,Fast Food
10645,2023-10-23,Expense,475,Travel,Hotel
10646,2023-10-23,Expense,200,Food,Restaurants
10647,2023-10-24,Expense,100,Food,Delivery
10648,2023-10-24,Expense,175,Food,Restaurants
10649,2023-10-24,Savings,1700,Investment,Stocks
10650,2023-10-24,Expense,475,Other,Transfer
10651,2023-10-25,Savings,1000,Investment,Stocks
10652,2023-10-26,Expense,175,Travel,Fuel
10653,2023-10-26,Savings,1600,Investment,Mutual Funds
10654,2023-10-27,Expense,50,Travel,Public Transport
10655,2023-10-27,Expense,175,Healthcare,Medical
10656,2023-10-27,Expense,200,Entertainment,Movies
10657,2023-10-27,Expense,250,Entertainment,Sports
10658,2023-10-29,Expense,750,Shopping,Clothing
10659,2023-10-30,Expense,275,Shopping,Personal Care
10660,2023-10-30,Expense,80,Food,Restaurants
10661,2023-10-30,Savings,500,Investment,Fixed Deposit
10662,2023-10-30,Expense,600,Shopping,Personal Care
10663,2023-10-31,Savings,1500,Investment,Mutual Funds
10664,2023-10-31,Expense,80,Food,Groceries
10665,2023-10-31,Expense,80,Food,Delivery
10666,2023-11-01,Expense,500,Healthcare,Gym
10667,2023-11-01,Expense,550,Shopping,Clothing
10668,2023-11-01,Expense,12000,Bills,Rent
10669,2023-11-01,Income,50000,Salary,Monthly Salary
10670,2023-11-02,Income,1800,Investment Returns,Mutual Fund Returns
10671,2023-11-02,Expense,200,Other,Donations
10672,2023-11-02,Expense,450,Other,Donations
10673,2023-11-02,Savings,1800,Investment,Fixed Deposit
10674,2023-11-03,Expense,70,Entertainment,Hobbies
10675,2023-11-03,Expense,500,Shopping,Electronics
10676,2023-11-03,Expense,200,Travel,Ride-share
10677,2023-11-03,Savings,1300,Investment,Fixed Deposit
10678,2023-11-04,Expense,50,Food,Fast Food
10679,2023-11-05,Expense,600,Bills,Internet
10680,2023-11-05,Expense,150,Food,Restaurants
10681,2023-11-05,Savings,5000,Investment,SIP
10682,2023-11-06,Expense,250,Other,Gifts
10683,2023-11-07,Expense,750,Bills,Electricity
10684,2023-11-07,Expense,325,Travel,Parking
10685,2023-11-08,Expense,300,Food,Delivery
10686,2023-11-08,Expense,400,Healthcare,Medical
10687,2023-11-09,Savings,2000,Investment,Crypto
10688,2023-11-09,Expense,100,Food,Bakery
10689,2023-11-09,Expense,50,Travel,Public Transport
10690,2023-11-10,Expense,70,Food,Bakery
10691,2023-11-10,Expense,400,Bills,Phone
10692,2023-11-11,Expense,150,Food,Bakery
10693,2023-11-11,Expense,150,Entertainment,Movies
10694,2023-11-12,Expense,400,Travel,Flight
10695,2023-11-12,Expense,600,Bills,Gas
10696,2023-11-12,Expense,425,Travel,Flight
10697,2023-11-12,Expense,400,Other,Gifts
10698,2023-11-12,Expense,225,Food,Restaurants
10699,2023-11-13,Expense,175,Food,Bakery
10700,2023-11-13,Expense,100,Healthcare,Medical
10701,2023-11-13,Expense,225,Food,Delivery
10702,2023-11-14,Expense,80,Entertainment,Movies
10703,2023-11-14,Expense,60,Travel,Public Transport
10704,2023-11-15,Expense,300,Healthcare,Medical
10705,2023-11-15,Expense,325,Shopping,Personal Care
10706,2023-11-15,Expense,200,Entertainment,Streaming
10707,2023-11-16,Savings,650,Investment,Mutual Funds
10708,2023-11-17,Expense,150,Food,Groceries
10709,2023-11-18,Expense,450,Other,Donations
10710,2023-11-18,Expense,175,Shopping,Clothing
10711,2023-11-18,Expense,225,Entertainment,Hobbies
10712,2023-11-19,Expense,750,Shopping,Books
10713,2023-11-20,Expense,250,Travel,Parking
10714,2023-11-20,Expense,1500,Bills,Insurance
10715,2023-11-20,Expense,350,Travel,Parking
10716,2023-11-20,Expense,450,Other,ATM Withdrawal
10717,2023-11-20,Expense,150,Food,Groceries
10718,2023-11-22,Expense,70,Food,Fast Food
10719,2023-11-23,Expense,175,Entertainment,Gaming
10720,2023-11-24,Expense,150,Food,Bakery
10721,2023-11-24,Expense,90,Food,Groceries
10722,2023-11-24,Expense,80,Travel,Public Transport
10723,2023-11-24,Expense,100,Food,Fast Food
10724,2023-11-25,Expense,250,Healthcare,Medical
10725,2023-11-25,Expense,70,Food,Fast Food
10726,2023-11-26,Expense,70,Food,Fast Food
10727,2023-11-26,Expense,175,Entertainment,Events
10728,2023-11-26,Expense,175,Entertainment,Gaming
10729,2023-11-27,Expense,100,Food,Coffee Shop
10730,2023-11-27,Expense,150,Food,Bakery
10731,2023-11-27,Expense,50,Entertainment,Sports
10732,2023-11-28,Expense,250,Food,Restaurants
10733,2023-11-29,Expense,250,Food,Restaurants
10734,2023-12-01,Expense,500,Healthcare,Gym
10735,2023-12-01,Income,50000,Salary,Monthly Salary
10736,2023-12-01,Expense,12000,Bills,Rent
10737,2023-12-02,Savings,850,Investment,Stocks
10738,2023-12-04,Expense,700,Shopping,Personal Care
10739,2023-12-04,Expense,125,Shopping,Household
10740,2023-12-05,Expense,600,Bills,Internet
10741,2023-12-05,Expense,225,Travel,Fuel
10742,2023-12-05,Savings,5000,Investment,SIP
10743,2023-12-05,Expense,80,Food,Fast Food
10744,2023-12-06,Expense,80,Entertainment,Hobbies
10745,2023-12-06,Savings,800,Investment,Crypto
10746,2023-12-06,Expense,150,Food,Bakery
10747,2023-12-06,Expense,80,Food,Fast Food
10748,2023-12-07,Expense,225,Entertainment,Events
10749,2023-12-07,Expense,800,Bills,Electricity
10750,2023-12-08,Expense,200,Shopping,Online
10751,2023-12-08,Expense,80,Entertainment,Movies
10752,2023-12-09,Expense,650,Shopping,Electronics
10753,2023-12-10,Expense,400,Bills,Phone
10754,2023-12-12,Expense,650,Shopping,Personal Care
10755,2023-12-12,Expense,125,Entertainment,Movies
10756,2023-12-12,Expense,600,Bills,Gas
10757,2023-12-12,Expense,100,Food,Coffee Shop
10758,2023-12-14,Expense,70,Food,Bakery
10759,2023-12-15,Expense,225,Shopping,Household
10760,2023-12-15,Expense,200,Entertainment,Streaming
10761,2023-12-16,Income,2400,Investment Returns,Capital Gains
10762,2023-12-20,Expense,100,Food,Groceries
10763,2023-12-20,Expense,250,Shopping,Online
10764,2023-12-20,Expense,1500,Bills,Insurance
10765,2023-12-20,Expense,450,Travel,Hotel
10766,2023-12-20,Expense,425,Travel,Hotel
10767,2023-12-21,Expense,450,Travel,Parking
10768,2023-12-21,Expense,650,Shopping,Personal Care
10769,2023-12-21,Expense,125,Travel,Taxi
10770,2023-12-22,Expense,275,Shopping,Electronics
10771,2023-12-22,Expense,70,Entertainment,Hobbies
10772,2023-12-22,Expense,70,Entertainment,Gaming
10773,2023-12-23,Expense,175,Entertainment,Sports
10774,2023-12-23,Expense,80,Food,Coffee Shop
10775,2023-12-23,Expense,50,Food,Fast Food
10776,2023-12-23,Expense,750,Shopping,Clothing
10777,2023-12-23,Expense,80,Food,Fast Food
10778,2023-12-24,Expense,225,Food,Groceries
10779,2023-12-24,Expense,375,Other,Donations
10780,2023-12-25,Expense,450,Travel,Flight
10781,2023-12-25,Income,1400,Investment Returns,Dividend
10782,2023-12-26,Expense,100,Shopping,Clothing
10783,2023-12-26,Expense,425,Other,Miscellaneous
10784,2023-12-26,Expense,325,Shopping,Household
10785,2023-12-27,Expense,500,Travel,Fuel
10786,2023-12-27,Expense,175,Food,Bakery
10787,2023-12-29,Expense,60,Food,Delivery
10788,2023-12-29,Expense,275,Healthcare,Wellness
10789,2023-12-29,Expense,550,Shopping,Online
10790,2023-12-30,Savings,1600,Investment,Crypto
10791,2023-12-30,Expense,150,Shopping,Online
10792,2023-12-30,Expense,90,Entertainment,Movies
10793,2023-12-30,Expense,500,Shopping,Household
10794,2024-01-01,Expense,500,Healthcare,Gym
10795,2024-01-01,Income,50000,Salary,Monthly Salary
10796,2024-01-01,Expense,150,Other,Gifts
10797,2024-01-01,Savings,1500,Investment,Stocks
10798,2024-01-01,Expense,12000,Bills,Rent
10799,2024-01-02,Expense,475,Shopping,Clothing
10800,2024-01-02,Expense,325,Healthcare,Wellness
10801,2024-01-03,Expense,475,Travel,Fuel
10802,2024-01-03,Expense,650,Shopping,Electronics
10803,2024-01-04,Expense,90,Food,Restaurants
10804,2024-01-04,Expense,325,Shopping,Clothing
10805,2024-01-04,Savings,1600,Investment,Stocks
10806,2024-01-04,Expense,475,Travel,Flight
10807,2024-01-04,Expense,350,Other,Gifts
10808,2024-01-04,Expense,325,Other,Miscellaneous
10809,2024-01-05,Expense,225,Healthcare,Wellness
10810,2024-01-05,Expense,600,Bills,Internet
10811,2024-01-05,Expense,60,Food,Coffee Shop
10812,2024-01-05,Savings,5000,Investment,SIP
10813,2024-01-05,Expense,450,Shopping,Clothing
10814,2024-01-06,Expense,175,Shopping,Online
10815,2024-01-07,Expense,200,Food,Restaurants
10816,2024-01-07,Expense,375,Healthcare,Medical
10817,2024-01-07,Expense,125,Entertainment,Hobbies
10818,2024-01-07,Expense,700,Bills,Electricity
10819,2024-01-08,Expense,175,Entertainment,Hobbies
10820,2024-01-08,Expense,150,Food,Restaurants
10821,2024-01-09,Expense,70,Food,Restaurants
10822,2024-01-10,Expense,400,Bills,Phone
10823,2024-01-10,Expense,125,Entertainment,Movies
10824,2024-01-10,Expense,750,Shopping,Books
10825,2024-01-12,Expense,60,Entertainment,Hobbies
10826,2024-01-12,Expense,600,Bills,Gas
10827,2024-01-13,Expense,350,Travel,Ride-share
10828,2024-01-14,Expense,375,Other,ATM Withdrawal
10829,2024-01-15,Expense,100,Food,Restaurants
10830,2024-01-15,Expense,200,Entertainment,Streaming
10831,2024-01-16,Expense,325,Travel,Parking
10832,2024-01-16,Expense,350,Other,Gifts
10833,2024-01-18,Expense,70,Travel,Public Transport
10834,2024-01-18,Expense,125,Entertainment,Gaming
10835,2024-01-19,Expense,250,Travel,Parking
10836,2024-01-19,Expense,300,Shopping,Online
10837,2024-01-19,Expense,225,Food,Bakery
10838,2024-01-20,Expense,250,Shopping,Household
10839,2024-01-20,Expense,1500,Bills,Insurance
10840,2024-01-21,Expense,80,Food,Fast Food
10841,2024-01-21,Income,2600,Investment Returns,Mutual Fund Returns
10842,2024-01-22,Expense,100,Food,Bakery
10843,2024-01-24,Expense,150,Healthcare,Wellness
10844,2024-01-24,Expense,600,Shopping,Online
10845,2024-01-24,Expense,275,Food,Groceries
10846,2024-01-25,Expense,50,Food,Fast Food
10847,2024-01-25,Expense,70,Food,Coffee Shop
10848,2024-01-26,Expense,175,Travel,Fuel
10849,2024-01-26,Expense,70,Entertainment,Events
10850,2024-01-27,Expense,100,Food,Groceries
10851,2024-01-27,Expense,70,Food,Fast Food
10852,2024-01-30,Expense,150,Entertainment,Events
10853,2024-01-30,Income,1200,Investment Returns,Capital Gains
10854,2024-01-30,Expense,700,Shopping,Electronics
10855,2024-01-31,Expense,125,Food,Delivery
10856,2024-01-31,Expense,325,Travel,Ride-share
10857,2024-01-31,Expense,300,Healthcare,Wellness
10858,2024-01-31,Expense,400,Other,ATM Withdrawal
10859,2024-02-01,Expense,12000,Bills,Rent
10860,2024-02-01,Income,50000,Salary,Monthly Salary
10861,2024-02-01,Expense,425,Other,ATM Withdrawal
10862,2024-02-01,Savings,700,Investment,Mutual Funds
10863,2024-02-01,Expense,500,Healthcare,Gym
10864,2024-02-02,Expense,80,Food,Fast Food
10865,2024-02-02,Expense,90,Entertainment,Movies
10866,2024-02-03,Expense,225,Food,Bakery
10867,2024-02-04,Expense,400,Travel,Hotel
10868,2024-02-05,Expense,100,Travel,Parking
10869,2024-02-05,Savings,5000,Investment,SIP
10870,2024-02-05,Expense,600,Bills,Internet
10871,2024-02-06,Expense,70,Entertainment,Gaming
10872,2024-02-06,Savings,850,Investment,Stocks
10873,2024-02-07,Expense,750,Bills,Electricity
10874,2024-02-07,Expense,100,Entertainment,Gaming
10875,2024-02-08,Expense,70,Food,Fast Food
10876,2024-02-09,Expense,325,Travel,Parking
10877,2024-02-09,Expense,400,Shopping,Books
10878,2024-02-10,Expense,80,Food,Delivery
10879,2024-02-10,Savings,1100,Investment,Crypto
10880,2024-02-10,Expense,400,Bills,Phone
10881,2024-02-10,Income,2900,Investment Returns,Dividend
10882,2024-02-11,Expense,200,Food,Groceries
10883,2024-02-12,Expense,60,Food,Restaurants
10884,2024-02-12,Expense,600,Bills,Gas
10885,2024-02-12,Expense,150,Food,Restaurants
10886,2024-02-14,Expense,700,Shopping,Online
10887,2024-02-14,Expense,500,Travel,Taxi
10888,2024-02-15,Expense,200,Entertainment,Streaming
10889,2024-02-15,Expense,375,Shopping,Online
10890,2024-02-16,Expense,250,Food,Restaurants
10891,2024-02-16,Expense,175,Entertainment,Gaming
10892,2024-02-16,Expense,125,Food,Bakery
10893,2024-02-16,Expense,200,Travel,Parking
10894,2024-02-17,Expense,350,Shopping,Electronics
10895,2024-02-18,Expense,425,Travel,Hotel
10896,2024-02-18,Savings,650,Investment,Crypto
10897,2024-02-18,Expense,250,Healthcare,Medical
10898,2024-02-18,Expense,600,Shopping,Online
10899,2024-02-19,Savings,950,Investment,Stocks
10900,2024-02-20,Expense,1500,Bills,Insurance
10901,2024-02-20,Savings,600,Investment,Stocks
10902,2024-02-21,Expense,70,Travel,Public Transport
10903,2024-02-22,Expense,275,Travel,Parking
10904,2024-02-23,Expense,450,Travel,Parking
10905,2024-02-23,Expense,225,Food,Bakery
10906,2024-02-25,Expense,250,Food,Groceries
10907,2024-02-25,Expense,600,Shopping,Books
10908,2024-02-25,Expense,375,Shopping,Electronics
10909,2024-02-25,Expense,425,Travel,Flight
10910,2024-02-26,Expense,90,Travel,Public Transport
10911,2024-02-27,Expense,350,Other,Transfer
10912,2024-02-28,Savings,1400,Investment,Stocks
10913,2024-02-28,Expense,375,Travel,Hotel
10914,2024-02-28,Expense,550,Shopping,Online
10915,2024-02-28,Expense,550,Shopping,Electronics
10916,2024-02-29,Expense,60,Food,Coffee Shop
10917,2024-02-29,Savings,1100,Investment,Crypto
10918,2024-02-29,Expense,200,Travel,Taxi
10919,2024-02-29,Expense,350,Other,ATM Withdrawal
10920,2024-02-29,Expense,450,Travel,Flight
10921,2024-03-01,Expense,500,Healthcare,Gym
10922,2024-03-01,Expense,12000,Bills,Rent
10923,2024-03-01,Income,50000,Salary,Monthly Salary
10924,2024-03-02,Expense,225,Healthcare,Pharmacy
10925,2024-03-03,Expense,250,Healthcare,Wellness
10926,2024-03-05,Expense,400,Travel,Parking
10927,2024-03-05,Expense,600,Bills,Internet
10928,2024-03-05,Expense,600,Shopping,Electronics
10929,2024-03-05,Savings,5000,Investment,SIP
10930,2024-03-05,Expense,450,Travel,Hotel
10931,2024-03-07,Expense,850,Bills,Electricity
10932,2024-03-07,Expense,225,Entertainment,Gaming
10933,2024-03-08,Expense,90,Food,Coffee Shop
10934,2024-03-08,Expense,250,Food,Restaurants
10935,2024-03-08,Expense,125,Shopping,Books
10936,2024-03-08,Income,1700,Investment Returns,Interest
10937,2024-03-09,Savings,1300,Investment,Stocks
10938,2024-03-10,Savings,1500,Investment,Mutual Funds
10939,2024-03-10,Expense,400,Bills,Phone
10940,2024-03-12,Expense,325,Other,ATM Withdrawal
10941,2024-03-12,Expense,600,Bills,Gas
10942,2024-03-12,Expense,125,Entertainment,Events
10943,2024-03-13,Expense,70,Food,Coffee Shop
10944,2024-03-14,Expense,100,Food,Fast Food
10945,2024-03-14,Expense,550,Shopping,Electronics
10946,2024-03-15,Expense,200,Entertainment,Streaming
10947,2024-03-16,Expense,175,Food,Delivery
10948,2024-03-16,Expense,150,Food,Delivery
10949,2024-03-17,Expense,175,Food,Restaurants
10950,2024-03-19,Expense,300,Other,Donations
10951,2024-03-19,Expense,175,Entertainment,Sports
10952,2024-03-20,Expense,350,Other,Donations
10953,2024-03-20,Expense,150,Food,Delivery
10954,2024-03-20,Expense,1500,Bills,Insurance
10955,2024-03-20,Expense,150,Travel,Parking
10956,2024-03-20,Expense,475,Travel,Hotel
10957,2024-03-20,Expense,225,Healthcare,Pharmacy
10958,2024-03-21,Expense,200,Food,Groceries
10959,2024-03-22,Expense,225,Food,Delivery
10960,2024-03-23,Expense,375,Travel,Hotel
10961,2024-03-23,Expense,100,Travel,Parking
10962,2024-03-24,Expense,750,Shopping,Clothing
10963,2024-03-24,Expense,275,Travel,Ride-share
10964,2024-03-24,Expense,250,Food,Restaurants
10965,2024-03-25,Expense,125,Food,Bakery
10966,2024-03-26,Expense,200,Entertainment,Gaming
10967,2024-03-27,Expense,100,Food,Delivery
10968,2024-03-27,Expense,300,Other,ATM Withdrawal
10969,2024-03-27,Expense,425,Other,ATM Withdrawal
10970,2024-03-28,Savings,600,Investment,Stocks
10971,2024-03-28,Expense,225,Entertainment,Hobbies
10972,2024-03-28,Expense,225,Travel,Parking
10973,2024-03-29,Expense,100,Entertainment,Sports
10974,2024-03-30,Expense,350,Healthcare,Medical
10975,2024-03-30,Expense,125,Entertainment,Movies
10976,2024-03-31,Expense,250,Shopping,Electronics
10977,2024-03-31,Expense,475,Shopping,Books
10978,2024-04-01,Expense,350,Travel,Hotel
10979,2024-04-01,Income,50000,Salary,Monthly Salary
10980,2024-04-01,Expense,500,Healthcare,Gym
10981,2024-04-01,Expense,12000,Bills,Rent
10982,2024-04-01,Expense,125,Entertainment,Hobbies
10983,2024-04-02,Expense,200,Entertainment,Hobbies
10984,2024-04-03,Expense,150,Entertainment,Events
10985,2024-04-03,Expense,550,Shopping,Online
10986,2024-04-03,Income,2700,Investment Returns,Interest
10987,2024-04-04,Expense,800,Shopping,Books
10988,2024-04-04,Expense,125,Entertainment,Hobbies
10989,2024-04-05,Expense,175,Food,Groceries
10990,2024-04-05,Expense,90,Food,Bakery
10991,2024-04-05,Expense,600,Bills,Internet
10992,2024-04-05,Expense,90,Travel,Public Transport
10993,2024-04-05,Savings,5000,Investment,SIP
10994,2024-04-06,Expense,425,Shopping,Electronics
10995,2024-04-06,Expense,100,Food,Fast Food
10996,2024-04-07,Expense,225,Food,Bakery
10997,2024-04-07,Expense,70,Food,Coffee Shop
10998,2024-04-07,Expense,800,Bills,Electricity
10999,2024-04-08,Expense,700,Shopping,Books
11000,2024-04-08,Expense,250,Food,Delivery
11001,2024-04-10,Expense,400,Bills,Phone
11002,2024-04-10,Savings,850,Investment,Crypto
11003,2024-04-11,Expense,60,Food,Bakery
11004,2024-04-11,Expense,300,Shopping,Electronics
11005,2024-04-11,Expense,60,Food,Restaurants
11006,2024-04-12,Expense,125,Food,Delivery
11007,2024-04-12,Expense,600,Bills,Gas
11008,2024-04-13,Expense,275,Food,Groceries
11009,2024-04-15,Expense,275,Other,ATM Withdrawal
11010,2024-04-15,Expense,200,Entertainment,Streaming
11011,2024-04-15,Expense,450,Travel,Ride-share
11012,2024-04-15,Expense,250,Travel,Ride-share
11013,2024-04-16,Expense,60,Food,Coffee Shop
11014,2024-04-16,Expense,80,Food,Coffee Shop
11015,2024-04-17,Savings,1000,Investment,Mutual Funds
11016,2024-04-18,Expense,375,Travel,Fuel
11017,2024-04-18,Expense,225,Healthcare,Wellness
11018,2024-04-19,Expense,100,Entertainment,Movies
11019,2024-04-20,Expense,375,Travel,Taxi
11020,2024-04-20,Expense,350,Travel,Hotel
11021,2024-04-20,Expense,1500,Bills,Insurance
11022,2024-04-21,Expense,250,Shopping,Personal Care
11023,2024-04-21,Expense,175,Shopping,Electronics
11024,2024-04-22,Expense,90,Food,Fast Food
11025,2024-04-23,Expense,750,Shopping,Clothing
11026,2024-04-23,Savings,1500,Investment,Stocks
11027,2024-04-24,Expense,350,Travel,Parking
11028,2024-04-24,Expense,175,Entertainment,Movies
11029,2024-04-25,Expense,60,Food,Coffee Shop
11030,2024-04-25,Expense,100,Entertainment,Movies
11031,2024-04-26,Expense,80,Food,Delivery
11032,2024-04-26,Expense,125,Food,Bakery
11033,2024-04-28,Expense,50,Food,Fast Food
11034,2024-04-28,Expense,175,Other,Gifts
11035,2024-04-28,Savings,1700,Investment,Fixed Deposit
11036,2024-04-28,Expense,150,Food,Bakery
11037,2024-04-28,Expense,350,Travel,Fuel
11038,2024-04-29,Expense,275,Shopping,Online
11039,2024-04-29,Expense,300,Food,Restaurants
11040,2024-04-29,Expense,150,Food,Restaurants
11041,2024-04-29,Expense,60,Food,Delivery
11042,2024-05-01,Income,50000,Salary,Monthly Salary
11043,2024-05-01,Expense,12000,Bills,Rent
11044,2024-05-01,Expense,125,Shopping,Clothing
11045,2024-05-01,Expense,500,Healthcare,Gym
11046,2024-05-01,Expense,200,Food,Delivery
11047,2024-05-02,Expense,70,Food,Coffee Shop
11048,2024-05-02,Expense,450,Shopping,Household
11049,2024-05-03,Expense,275,Shopping,Clothing
11050,2024-05-03,Expense,250,Other,Gifts
11051,2024-05-03,Expense,70,Food,Fast Food
11052,2024-05-04,Expense,325,Healthcare,Pharmacy
11053,2024-05-05,Expense,70,Travel,Ride-share
11054,2024-05-05,Expense,90,Food,Bakery
11055,2024-05-05,Expense,225,Travel,Parking
11056,2024-05-05,Savings,5000,Investment,SIP
11057,2024-05-05,Expense,600,Bills,Internet
11058,2024-05-06,Expense,200,Food,Restaurants
11059,2024-05-07,Expense,650,Shopping,Clothing
11060,2024-05-07,Expense,750,Bills,Electricity
11061,2024-05-07,Expense,275,Healthcare,Wellness
11062,2024-05-07,Expense,175,Food,Bakery
11063,2024-05-07,Expense,425,Travel,Taxi
11064,2024-05-08,Expense,200,Food,Restaurants
11065,2024-05-08,Expense,100,Food,Coffee Shop
11066,2024-05-08,Expense,475,Shopping,Online
11067,2024-05-08,Expense,325,Travel,Parking
11068,2024-05-10,Expense,400,Other,Donations
11069,2024-05-10,Expense,400,Bills,Phone
11070,2024-05-11,Expense,350,Shopping,Household
11071,2024-05-11,Expense,200,Food,Groceries
11072,2024-05-12,Expense,275,Travel,Taxi
11073,2024-05-12,Expense,225,Food,Groceries
11074,2024-05-12,Expense,600,Bills,Gas
11075,2024-05-12,Expense,400,Healthcare,Medical
11076,2024-05-13,Expense,375,Travel,Flight
11077,2024-05-13,Expense,80,Food,Fast Food
11078,2024-05-13,Expense,250,Food,Restaurants
11079,2024-05-13,Expense,200,Food,Delivery
11080,2024-05-13,Expense,125,Other,Donations
11081,2024-05-14,Expense,125,Travel,Taxi
11082,2024-05-14,Income,2900,Investment Returns,Interest
11083,2024-05-14,Expense,200,Food,Delivery
11084,2024-05-14,Expense,175,Entertainment,Movies
11085,2024-05-15,Expense,200,Entertainment,Streaming
11086,2024-05-16,Expense,200,Food,Delivery
11087,2024-05-17,Expense,100,Shopping,Electronics
11088,2024-05-18,Expense,300,Shopping,Books
11089,2024-05-18,Expense,300,Travel,Parking
11090,2024-05-19,Expense,80,Travel,Public Transport
11091,2024-05-19,Expense,80,Food,Coffee Shop
11092,2024-05-20,Expense,450,Travel,Flight
11093,2024-05-20,Expense,1500,Bills,Insurance
11094,2024-05-21,Expense,90,Travel,Public Transport
11095,2024-05-21,Expense,125,Food,Bakery
11096,2024-05-21,Expense,475,Travel,Hotel
11097,2024-05-23,Expense,125,Entertainment,Events
11098,2024-05-23,Expense,375,Shopping,Online
11099,2024-05-23,Expense,60,Food,Fast Food
11100,2024-05-24,Expense,125,Entertainment,Sports
11101,2024-05-25,Expense,425,Shopping,Clothing
11102,2024-05-25,Expense,175,Food,Groceries
11103,2024-05-26,Expense,325,Healthcare,Medical
11104,2024-05-26,Expense,375,Travel,Ride-share
11105,2024-05-26,Expense,150,Food,Groceries
11106,2024-05-26,Expense,80,Food,Bakery
11107,2024-05-26,Expense,425,Shopping,Clothing
11108,2024-05-27,Expense,225,Travel,Fuel
11109,2024-05-27,Expense,70,Food,Groceries
11110,2024-05-27,Expense,350,Healthcare,Pharmacy
11111,2024-05-28,Expense,100,Other,Gifts
11112,2024-05-28,Expense,250,Food,Bakery
11113,2024-05-28,Expense,90,Entertainment,Movies
11114,2024-05-28,Expense,200,Food,Restaurants
11115,2024-05-29,Expense,175,Entertainment,Gaming
11116,2024-05-30,Expense,300,Healthcare,Wellness
11117,2024-06-01,Expense,12000,Bills,Rent
11118,2024-06-01,Expense,500,Healthcare,Gym
11119,2024-06-01,Expense,80,Food,Delivery
11120,2024-06-01,Income,50000,Salary,Monthly Salary
11121,2024-06-01,Expense,600,Shopping,Household
11122,2024-06-02,Expense,275,Other,Miscellaneous
11123,2024-06-04,Expense,400,Healthcare,Pharmacy
11124,2024-06-05,Savings,5000,Investment,SIP
11125,2024-06-05,Expense,600,Bills,Internet
11126,2024-06-06,Expense,50,Food,Bakery
11127,2024-06-06,Expense,125,Entertainment,Movies
11128,2024-06-06,Expense,100,Food,Fast Food
11129,2024-06-07,Expense,800,Bills,Electricity
11130,2024-06-07,Expense,550,Shopping,Personal Care
11131,2024-06-08,Expense,200,Healthcare,Medical
11132,2024-06-08,Expense,90,Food,Restaurants
11133,2024-06-08,Expense,125,Healthcare,Pharmacy
11134,2024-06-09,Expense,425,Travel,Flight
11135,2024-06-10,Expense,375,Travel,Flight
11136,2024-06-10,Expense,400,Bills,Phone
11137,2024-06-11,Savings,1800,Investment,Crypto
11138,2024-06-12,Income,1500,Investment Returns,Capital Gains
11139,2024-06-12,Expense,600,Bills,Gas
11140,2024-06-13,Expense,125,Entertainment,Sports
11141,2024-06-13,Savings,1400,Investment,Crypto
11142,2024-06-13,Expense,275,Travel,Ride-share
11143,2024-06-13,Expense,700,Shopping,Books
11144,2024-06-14,Expense,350,Shopping,Electronics
11145,2024-06-15,Expense,200,Entertainment,Streaming
11146,2024-06-16,Expense,125,Food,Delivery
11147,2024-06-18,Expense,200,Food,Restaurants
11148,2024-06-18,Expense,150,Shopping,Clothing
11149,2024-06-18,Income,12700,Salary,Bonus
11150,2024-06-20,Expense,70,Food,Coffee Shop
11151,2024-06-20,Expense,1500,Bills,Insurance
11152,2024-06-22,Expense,200,Food,Bakery
11153,2024-06-23,Expense,700,Shopping,Electronics
11154,2024-06-23,Expense,150,Entertainment,Hobbies
11155,2024-06-23,Expense,90,Food,Coffee Shop
11156,2024-06-24,Expense,70,Food,Coffee Shop
11157,2024-06-25,Expense,200,Food,Bakery
11158,2024-06-25,Expense,150,Food,Bakery
11159,2024-06-25,Expense,80,Entertainment,Gaming
11160,2024-06-25,Expense,275,Travel,Taxi
11161,2024-06-25,Expense,200,Entertainment,Gaming
11162,2024-06-25,Expense,70,Food,Bakery
11163,2024-06-26,Expense,275,Other,Transfer
11164,2024-06-26,Expense,100,Food,Restaurants
11165,2024-06-26,Expense,80,Food,Fast Food
11166,2024-06-26,Expense,100,Food,Bakery
11167,2024-06-26,Expense,550,Shopping,Clothing
11168,2024-06-27,Expense,300,Shopping,Books
11169,2024-06-27,Expense,80,Food,Groceries
11170,2024-06-28,Expense,70,Food,Restaurants
11171,2024-06-29,Expense,375,Other,Transfer
11172,2024-06-29,Savings,1000,Investment,Crypto
11173,2024-06-30,Expense,125,Food,Bakery
11174,2024-06-30,Savings,1400,Investment,Stocks
11175,2024-07-01,Expense,12000,Bills,Rent
11176,2024-07-01,Expense,425,Travel,Hotel
11177,2024-07-01,Expense,500,Healthcare,Gym
11178,2024-07-01,Income,50000,Salary,Monthly Salary
11179,2024-07-01,Expense,100,Food,Delivery
11180,2024-07-01,Expense,400,Travel,Hotel
11181,2024-07-01,Expense,100,Food,Groceries
11182,2024-07-03,Expense,90,Travel,Public Transport
11183,2024-07-03,Expense,90,Food,Fast Food
11184,2024-07-04,Expense,400,Travel,Flight
11185,2024-07-04,Expense,700,Shopping,Books
11186,2024-07-05,Expense,475,Other,Gifts
11187,2024-07-05,Expense,600,Bills,Internet
11188,2024-07-05,Savings,5000,Investment,SIP
11189,2024-07-06,Expense,100,Travel,Fuel
11190,2024-07-07,Expense,90,Food,Coffee Shop
11191,2024-07-07,Expense,850,Bills,Electricity
11192,2024-07-08,Expense,60,Food,Fast Food
11193,2024-07-09,Savings,1800,Investment,Fixed Deposit
11194,2024-07-09,Savings,1200,Investment,Mutual Funds
11195,2024-07-10,Expense,300,Healthcare,Pharmacy
11196,2024-07-10,Expense,100,Travel,Ride-share
11197,2024-07-10,Expense,400,Bills,Phone
11198,2024-07-11,Expense,80,Food,Fast Food
11199,2024-07-11,Expense,80,Food,Coffee Shop
11200,2024-07-11,Expense,150,Shopping,Personal Care
11201,2024-07-11,Expense,225,Healthcare,Wellness
11202,2024-07-12,Expense,200,Other,Miscellaneous
11203,2024-07-12,Expense,125,Food,Restaurants
11204,2024-07-12,Income,900,Investment Returns,Interest
11205,2024-07-12,Expense,600,Bills,Gas
11206,2024-07-12,Expense,425,Travel,Ride-share
11207,2024-07-13,Expense,500,Travel,Hotel
11208,2024-07-13,Expense,250,Food,Delivery
11209,2024-07-14,Expense,60,Travel,Public Transport
11210,2024-07-14,Savings,1700,Investment,Stocks
11211,2024-07-15,Expense,350,Travel,Fuel
11212,2024-07-15,Expense,200,Entertainment,Streaming
11213,2024-07-16,Expense,300,Food,Bakery
11214,2024-07-16,Expense,70,Food,Delivery
11215,2024-07-16,Expense,200,Food,Restaurants
11216,2024-07-16,Expense,500,Travel,Taxi
11217,2024-07-17,Expense,750,Shopping,Household
11218,2024-07-17,Expense,375,Healthcare,Wellness
11219,2024-07-19,Expense,425,Shopping,Personal Care
11220,2024-07-19,Expense,50,Food,Coffee Shop
11221,2024-07-19,Expense,125,Healthcare,Wellness
11222,2024-07-20,Expense,1500,Bills,Insurance
11223,2024-07-20,Expense,325,Shopping,Books
11224,2024-07-20,Expense,375,Other,Gifts
11225,2024-07-20,Expense,50,Food,Groceries
11226,2024-07-21,Expense,375,Travel,Flight
11227,2024-07-21,Expense,550,Shopping,Online
11228,2024-07-23,Expense,500,Travel,Flight
11229,2024-07-23,Savings,550,Investment,Stocks
11230,2024-07-23,Expense,150,Entertainment,Movies
11231,2024-07-23,Expense,150,Other,Miscellaneous
11232,2024-07-24,Expense,300,Food,Restaurants
11233,2024-07-24,Expense,175,Food,Bakery
11234,2024-07-26,Expense,225,Food,Groceries
11235,2024-07-26,Expense,80,Food,Coffee Shop
11236,2024-07-29,Expense,650,Shopping,Clothing
11237,2024-07-29,Expense,300,Travel,Taxi
11238,2024-07-29,Expense,450,Other,Miscellaneous
11239,2024-07-30,Savings,1700,Investment,Fixed Deposit
11240,2024-07-31,Expense,150,Healthcare,Pharmacy
11241,2024-08-01,Income,50000,Salary,Monthly Salary
11242,2024-08-01,Expense,600,Shopping,Online
11243,2024-08-01,Expense,500,Healthcare,Gym
11244,2024-08-01,Expense,12000,Bills,Rent
11245,2024-08-02,Expense,225,Entertainment,Movies
11246,2024-08-02,Expense,225,Healthcare,Pharmacy
11247,2024-08-02,Expense,150,Food,Delivery
11248,2024-08-02,Expense,125,Food,Bakery
11249,2024-08-03,Expense,175,Other,Miscellaneous
11250,2024-08-03,Income,950,Investment Returns,Interest
11251,2024-08-04,Expense,300,Healthcare,Pharmacy
11252,2024-08-05,Savings,5000,Investment,SIP
11253,2024-08-05,Expense,175,Food,Delivery
11254,2024-08-05,Expense,600,Bills,Internet
11255,2024-08-06,Expense,275,Other,Transfer
11256,2024-08-06,Expense,500,Travel,Hotel
11257,2024-08-07,Expense,275,Food,Bakery
11258,2024-08-07,Expense,700,Bills,Electricity
11259,2024-08-08,Savings,750,Investment,Crypto
11260,2024-08-08,Expense,125,Food,Restaurants
11261,2024-08-09,Expense,450,Travel,Flight
11262,2024-08-09,Expense,200,Food,Restaurants
11263,2024-08-10,Expense,400,Bills,Phone
11264,2024-08-10,Expense,225,Food,Delivery
11265,2024-08-11,Savings,1400,Investment,Crypto
11266,2024-08-11,Expense,225,Food,Restaurants
11267,2024-08-11,Expense,60,Travel,Public Transport
11268,2024-08-12,Expense,600,Bills,Gas
11269,2024-08-12,Expense,70,Food,Coffee Shop
11270,2024-08-13,Expense,125,Food,Bakery
11271,2024-08-13,Expense,125,Food,Restaurants
11272,2024-08-14,Expense,400,Travel,Ride-share
11273,2024-08-14,Expense,80,Food,Delivery
11274,2024-08-14,Expense,125,Travel,Ride-share
11275,2024-08-15,Expense,200,Entertainment,Streaming
11276,2024-08-15,Expense,60,Food,Fast Food
11277,2024-08-15,Expense,150,Food,Groceries
11278,2024-08-15,Expense,425,Travel,Ride-share
11279,2024-08-15,Expense,50,Travel,Fuel
11280,2024-08-16,Savings,700,Investment,Crypto
11281,2024-08-16,Expense,175,Other,Transfer
11282,2024-08-18,Expense,150,Entertainment,Gaming
11283,2024-08-18,Expense,600,Shopping,Household
11284,2024-08-18,Expense,225,Entertainment,Events
11285,2024-08-19,Expense,175,Healthcare,Wellness
11286,2024-08-20,Expense,225,Travel,Parking
11287,2024-08-20,Expense,1500,Bills,Insurance
11288,2024-08-20,Expense,150,Entertainment,Hobbies
11289,2024-08-20,Expense,650,Shopping,Personal Care
11290,2024-08-21,Expense,175,Travel,Fuel
11291,2024-08-24,Expense,90,Food,Delivery
11292,2024-08-24,Expense,250,Entertainment,Gaming
11293,2024-08-25,Expense,700,Shopping,Household
11294,2024-08-25,Savings,1500,Investment,Mutual Funds
11295,2024-08-25,Income,1400,Investment Returns,Dividend
11296,2024-08-26,Expense,300,Healthcare,Wellness
11297,2024-08-26,Expense,225,Shopping,Electronics
11298,2024-08-26,Expense,175,Other,Miscellaneous
11299,2024-08-27,Expense,375,Travel,Hotel
11300,2024-08-27,Expense,200,Entertainment,Gaming
11301,2024-08-27,Expense,100,Entertainment,Gaming
11302,2024-08-27,Expense,300,Food,Groceries
11303,2024-08-27,Expense,125,Shopping,Electronics
11304,2024-08-27,Expense,80,Travel,Public Transport
11305,2024-08-28,Expense,350,Travel,Flight
11306,2024-08-28,Expense,350,Other,Transfer
11307,2024-08-28,Expense,70,Food,Fast Food
11308,2024-09-01,Expense,500,Healthcare,Gym
11309,2024-09-01,Expense,325,Travel,Taxi
11310,2024-09-01,Expense,12000,Bills,Rent
11311,2024-09-01,Income,50000,Salary,Monthly Salary
11312,2024-09-03,Expense,175,Food,Bakery
11313,2024-09-03,Expense,200,Healthcare,Medical
11314,2024-09-03,Savings,1900,Investment,Fixed Deposit
11315,2024-09-03,Expense,200,Shopping,Electronics
11316,2024-09-04,Expense,70,Food,Coffee Shop
11317,2024-09-04,Expense,225,Travel,Ride-share
11318,2024-09-04,Savings,1100,Investment,Fixed Deposit
11319,2024-09-04,Expense,450,Other,Gifts
11320,2024-09-05,Savings,5000,Investment,SIP
11321,2024-09-05,Expense,80,Food,Bakery
11322,2024-09-05,Expense,250,Food,Delivery
11323,2024-09-05,Savings,1300,Investment,Fixed Deposit
11324,2024-09-05,Expense,600,Bills,Internet
11325,2024-09-05,Expense,60,Food,Groceries
11326,2024-09-06,Expense,700,Shopping,Electronics
11327,2024-09-06,Expense,225,Food,Restaurants
11328,2024-09-06,Expense,125,Food,Delivery
11329,2024-09-07,Expense,850,Bills,Electricity
11330,2024-09-07,Expense,450,Travel,Hotel
11331,2024-09-08,Expense,200,Entertainment,Sports
11332,2024-09-08,Expense,70,Travel,Public Transport
11333,2024-09-09,Expense,275,Travel,Ride-share
11334,2024-09-09,Expense,70,Entertainment,Hobbies
11335,2024-09-09,Expense,200,Food,Bakery
11336,2024-09-10,Expense,300,Food,Restaurants
11337,2024-09-10,Expense,100,Food,Delivery
11338,2024-09-10,Expense,400,Bills,Phone
11339,2024-09-10,Expense,200,Healthcare,Medical
11340,2024-09-10,Expense,150,Food,Bakery
11341,2024-09-10,Expense,200,Shopping,Online
11342,2024-09-11,Income,1800,Investment Returns,Interest
11343,2024-09-11,Expense,100,Food,Coffee Shop
11344,2024-09-12,Expense,175,Travel,Ride-share
11345,2024-09-12,Expense,80,Food,Fast Food
11346,2024-09-12,Expense,300,Shopping,Online
11347,2024-09-12,Expense,600,Bills,Gas
11348,2024-09-14,Expense,60,Food,Fast Food
11349,2024-09-14,Expense,200,Other,Donations
11350,2024-09-14,Expense,90,Food,Restaurants
11351,2024-09-14,Expense,150,Food,Bakery
11352,2024-09-14,Expense,375,Healthcare,Medical
11353,2024-09-14,Expense,300,Food,Groceries
11354,2024-09-15,Expense,150,Entertainment,Hobbies
11355,2024-09-15,Income,2300,Investment Returns,Mutual Fund Returns
11356,2024-09-15,Expense,475,Travel,Fuel
11357,2024-09-15,Expense,80,Food,Delivery
11358,2024-09-15,Expense,600,Shopping,Books
11359,2024-09-15,Expense,200,Entertainment,Streaming
11360,2024-09-16,Expense,375,Other,Transfer
11361,2024-09-17,Expense,450,Travel,Flight
11362,2024-09-17,Expense,800,Shopping,Books
11363,2024-09-17,Expense,125,Travel,Fuel
11364,2024-09-18,Expense,80,Entertainment,Hobbies
11365,2024-09-20,Expense,1500,Bills,Insurance
11366,2024-09-20,Expense,650,Shopping,Household
11367,2024-09-22,Savings,1300,Investment,Fixed Deposit
11368,2024-09-22,Expense,325,Other,Gifts
11369,2024-09-23,Expense,70,Travel,Public Transport
11370,2024-09-23,Expense,200,Travel,Parking
11371,2024-09-23,Expense,425,Shopping,Household
11372,2024-09-23,Expense,60,Food,Delivery
11373,2024-09-23,Expense,90,Food,Fast Food
11374,2024-09-24,Expense,70,Food,Fast Food
11375,2024-09-25,Expense,275,Food,Delivery
11376,2024-09-27,Expense,125,Food,Bakery
11377,2024-09-28,Expense,150,Shopping,Online
11378,2024-09-29,Income,1900,Investment Returns,Capital Gains
11379,2024-09-30,Expense,80,Food,Coffee Shop
11380,2024-10-01,Income,50000,Salary,Monthly Salary
11381,2024-10-01,Expense,500,Healthcare,Gym
11382,2024-10-01,Expense,125,Other,Donations
11383,2024-10-01,Expense,12000,Bills,Rent
11384,2024-10-01,Expense,150,Healthcare,Pharmacy
11385,2024-10-01,Income,1300,Investment Returns,Interest
11386,2024-10-01,Expense,175,Shopping,Electronics
11387,2024-10-01,Income,1900,Investment Returns,Dividend
11388,2024-10-02,Expense,250,Food,Restaurants
11389,2024-10-02,Expense,60,Entertainment,Hobbies
11390,2024-10-02,Expense,200,Entertainment,Sports
11391,2024-10-03,Expense,225,Travel,Taxi
11392,2024-10-04,Expense,200,Food,Delivery
11393,2024-10-04,Expense,125,Travel,Parking
11394,2024-10-04,Expense,175,Entertainment,Hobbies
11395,2024-10-05,Expense,175,Shopping,Household
11396,2024-10-05,Savings,5000,Investment,SIP
11397,2024-10-05,Expense,600,Bills,Internet
11398,2024-10-06,Savings,900,Investment,Mutual Funds
11399,2024-10-06,Expense,375,Travel,Hotel
11400,2024-10-06,Expense,225,Food,Restaurants
11401,2024-10-06,Expense,475,Travel,Fuel
11402,2024-10-07,Expense,850,Bills,Electricity
11403,2024-10-07,Expense,600,Shopping,Household
11404,2024-10-08,Expense,80,Food,Fast Food
11405,2024-10-08,Expense,125,Food,Delivery
11406,2024-10-10,Savings,1300,Investment,Fixed Deposit
11407,2024-10-10,Income,1900,Investment Returns,Capital Gains
11408,2024-10-10,Expense,325,Healthcare,Wellness
11409,2024-10-10,Expense,400,Bills,Phone
11410,2024-10-11,Expense,200,Food,Delivery
11411,2024-10-11,Expense,70,Food,Bakery
11412,2024-10-11,Expense,200,Travel,Parking
11413,2024-10-12,Expense,90,Entertainment,Hobbies
11414,2024-10-12,Expense,600,Bills,Gas
11415,2024-10-13,Expense,250,Shopping,Personal Care
11416,2024-10-13,Expense,600,Shopping,Books
11417,2024-10-14,Expense,150,Food,Restaurants
11418,2024-10-15,Expense,175,Travel,Fuel
11419,2024-10-15,Income,2200,Investment Returns,Mutual Fund Returns
11420,2024-10-15,Expense,325,Travel,Taxi
11421,2024-10-15,Expense,300,Food,Bakery
11422,2024-10-15,Expense,175,Food,Restaurants
11423,2024-10-15,Expense,200,Entertainment,Streaming
11424,2024-10-16,Expense,50,Food,Coffee Shop
11425,2024-10-16,Expense,125,Food,Bakery
11426,2024-10-16,Expense,550,Shopping,Electronics
11427,2024-10-18,Expense,175,Travel,Ride-share
11428,2024-10-18,Savings,1400,Investment,Fixed Deposit
11429,2024-10-19,Expense,225,Entertainment,Sports
11430,2024-10-20,Expense,400,Travel,Hotel
11431,2024-10-20,Expense,1500,Bills,Insurance
11432,2024-10-21,Expense,125,Healthcare,Medical
11433,2024-10-21,Expense,150,Food,Delivery
11434,2024-10-21,Expense,225,Entertainment,Hobbies
11435,2024-10-22,Expense,200,Entertainment,Movies
11436,2024-10-22,Expense,60,Entertainment,Hobbies
11437,2024-10-23,Expense,125,Food,Bakery
11438,2024-10-24,Expense,175,Other,Miscellaneous
11439,2024-10-24,Expense,400,Travel,Flight
11440,2024-10-25,Savings,650,Investment,Mutual Funds
11441,2024-10-25,Savings,1600,Investment,Stocks
11442,2024-10-25,Expense,200,Entertainment,Movies
11443,2024-10-26,Expense,225,Healthcare,Pharmacy
11444,2024-10-26,Expense,150,Healthcare,Medical
11445,2024-10-26,Expense,400,Travel,Hotel
11446,2024-10-26,Expense,80,Food,Coffee Shop
11447,2024-10-27,Expense,175,Food,Restaurants
11448,2024-10-27,Expense,300,Food,Delivery
11449,2024-10-27,Expense,250,Food,Restaurants
11450,2024-10-28,Expense,250,Healthcare,Pharmacy
11451,2024-10-29,Expense,400,Other,Transfer
11452,2024-10-29,Expense,175,Other,Gifts
11453,2024-10-29,Expense,175,Travel,Parking
11454,2024-10-29,Expense,150,Other,Transfer
11455,2024-10-30,Expense,425,Shopping,Online
11456,2024-10-30,Expense,225,Food,Delivery
11457,2024-10-31,Expense,150,Food,Bakery
11458,2024-11-01,Expense,12000,Bills,Rent
11459,2024-11-01,Income,50000,Salary,Monthly Salary
11460,2024-11-01,Expense,500,Healthcare,Gym
11461,2024-11-01,Expense,50,Travel,Taxi
11462,2024-11-02,Expense,175,Shopping,Electronics
11463,2024-11-02,Expense,225,Travel,Fuel
11464,2024-11-02,Expense,60,Food,Coffee Shop
11465,2024-11-03,Expense,275,Food,Bakery
11466,2024-11-03,Expense,225,Food,Restaurants
11467,2024-11-05,Expense,600,Bills,Internet
11468,2024-11-05,Savings,5000,Investment,SIP
11469,2024-11-05,Savings,1300,Investment,Crypto
11470,2024-11-05,Expense,200,Travel,Parking
11471,2024-11-06,Expense,80,Food,Bakery
11472,2024-11-06,Expense,225,Travel,Ride-share
11473,2024-11-06,Expense,80,Travel,Public Transport
11474,2024-11-07,Expense,150,Entertainment,Movies
11475,2024-11-07,Income,1600,Investment Returns,Capital Gains
11476,2024-11-07,Expense,70,Food,Coffee Shop
11477,2024-11-07,Expense,175,Food,Groceries
11478,2024-11-07,Expense,350,Travel,Flight
11479,2024-11-07,Expense,750,Bills,Electricity
11480,2024-11-08,Expense,375,Travel,Ride-share
11481,2024-11-08,Expense,90,Food,Fast Food
11482,2024-11-09,Expense,275,Shopping,Books
11483,2024-11-09,Expense,275,Shopping,Online
11484,2024-11-09,Expense,80,Food,Groceries
11485,2024-11-09,Expense,500,Travel,Taxi
11486,2024-11-10,Expense,400,Travel,Parking
11487,2024-11-10,Expense,400,Bills,Phone
11488,2024-11-10,Expense,150,Entertainment,Sports
11489,2024-11-10,Expense,200,Entertainment,Hobbies
11490,2024-11-10,Expense,70,Entertainment,Movies
11491,2024-11-10,Expense,125,Shopping,Clothing
11492,2024-11-10,Savings,600,Investment,Fixed Deposit
11493,2024-11-10,Expense,275,Food,Groceries
11494,2024-11-11,Expense,250,Food,Delivery
11495,2024-11-11,Expense,60,Food,Restaurants
11496,2024-11-11,Expense,450,Travel,Hotel
11497,2024-11-12,Expense,600,Bills,Gas
11498,2024-11-12,Expense,100,Travel,Public Transport
11499,2024-11-12,Expense,125,Other,Donations
11500,2024-11-13,Expense,80,Food,Fast Food
11501,2024-11-13,Expense,70,Food,Restaurants
11502,2024-11-13,Savings,1100,Investment,Fixed Deposit
11503,2024-11-14,Savings,1300,Investment,Fixed Deposit
11504,2024-11-15,Expense,425,Other,Donations
11505,2024-11-15,Expense,200,Entertainment,Streaming
11506,2024-11-15,Expense,375,Healthcare,Pharmacy
11507,2024-11-16,Expense,125,Food,Groceries
11508,2024-11-17,Expense,250,Food,Groceries
11509,2024-11-17,Expense,80,Food,Restaurants
11510,2024-11-17,Savings,750,Investment,Stocks
11511,2024-11-18,Expense,300,Other,ATM Withdrawal
11512,2024-11-18,Expense,100,Shopping,Household
11513,2024-11-18,Expense,150,Other,ATM Withdrawal
11514,2024-11-19,Savings,1200,Investment,Mutual Funds
11515,2024-11-19,Expense,225,Food,Bakery
11516,2024-11-20,Expense,1500,Bills,Insurance
11517,2024-11-21,Expense,400,Travel,Hotel
11518,2024-11-22,Expense,150,Healthcare,Wellness
11519,2024-11-22,Expense,300,Travel,Taxi
11520,2024-11-22,Expense,90,Travel,Public Transport
11521,2024-11-22,Expense,50,Food,Coffee Shop
11522,2024-11-23,Savings,1900,Investment,Crypto
11523,2024-11-23,Expense,200,Food,Bakery
11524,2024-11-24,Expense,90,Food,Bakery
11525,2024-11-24,Expense,175,Food,Groceries
11526,2024-11-24,Expense,125,Healthcare,Wellness
11527,2024-11-25,Savings,1400,Investment,Crypto
11528,2024-11-25,Expense,100,Food,Groceries
11529,2024-11-25,Expense,100,Food,Coffee Shop
11530,2024-11-27,Expense,425,Other,ATM Withdrawal
11531,2024-11-28,Expense,300,Food,Restaurants
11532,2024-11-29,Expense,250,Food,Groceries
11533,2024-11-29,Expense,150,Food,Restaurants
11534,2024-11-30,Savings,1500,Investment,Crypto
11535,2024-12-01,Income,50000,Salary,Monthly Salary
11536,2024-12-01,Expense,500,Healthcare,Gym
11537,2024-12-01,Expense,12000,Bills,Rent
11538,2024-12-01,Income,950,Investment Returns,Interest
11539,2024-12-02,Expense,200,Travel,Taxi
11540,2024-12-02,Expense,175,Entertainment,Sports
11541,2024-12-03,Expense,225,Food,Restaurants
11542,2024-12-03,Expense,150,Entertainment,Events
11543,2024-12-04,Expense,450,Other,Transfer
11544,2024-12-04,Expense,200,Healthcare,Medical
11545,2024-12-04,Expense,400,Other,Donations
11546,2024-12-04,Expense,70,Food,Bakery
11547,2024-12-05,Savings,5000,Investment,SIP
11548,2024-12-05,Expense,125,Entertainment,Gaming
11549,2024-12-05,Expense,300,Food,Delivery
11550,2024-12-05,Expense,600,Bills,Internet
11551,2024-12-05,Expense,275,Shopping,Household
11552,2024-12-06,Income,2000,Investment Returns,Dividend
11553,2024-12-07,Expense,350,Other,ATM Withdrawal
11554,2024-12-07,Expense,200,Entertainment,Sports
11555,2024-12-07,Expense,700,Bills,Electricity
11556,2024-12-08,Expense,80,Food,Delivery
11557,2024-12-08,Expense,60,Food,Coffee Shop
11558,2024-12-09,Expense,90,Travel,Fuel
11559,2024-12-10,Expense,400,Bills,Phone
11560,2024-12-10,Expense,700,Shopping,Books
11561,2024-12-12,Expense,70,Food,Coffee Shop
11562,2024-12-12,Expense,600,Bills,Gas
11563,2024-12-12,Expense,325,Healthcare,Pharmacy
11564,2024-12-13,Expense,325,Healthcare,Pharmacy
11565,2024-12-15,Expense,200,Entertainment,Streaming
11566,2024-12-15,Expense,275,Food,Groceries
11567,2024-12-15,Expense,275,Shopping,Household
11568,2024-12-16,Expense,150,Food,Groceries
11569,2024-12-16,Expense,90,Food,Fast Food
11570,2024-12-17,Expense,225,Shopping,Online
11571,2024-12-17,Savings,1400,Investment,Crypto
11572,2024-12-18,Expense,650,Shopping,Online
11573,2024-12-18,Income,1200,Investment Returns,Capital Gains
11574,2024-12-19,Expense,450,Travel,Hotel
11575,2024-12-20,Expense,60,Food,Delivery
11576,2024-12-20,Income,1700,Investment Returns,Mutual Fund Returns
11577,2024-12-20,Expense,1500,Bills,Insurance
11578,2024-12-21,Expense,50,Food,Coffee Shop
11579,2024-12-21,Expense,425,Travel,Hotel
11580,2024-12-21,Savings,1400,Investment,Fixed Deposit
11581,2024-12-22,Expense,200,Food,Restaurants
11582,2024-12-22,Expense,125,Travel,Ride-share
11583,2024-12-23,Expense,100,Food,Coffee Shop
11584,2024-12-23,Expense,200,Food,Restaurants
11585,2024-12-25,Savings,1400,Investment,Stocks
11586,2024-12-25,Expense,275,Food,Bakery
11587,2024-12-26,Expense,150,Food,Groceries
11588,2024-12-27,Expense,70,Food,Fast Food
11589,2024-12-28,Expense,350,Travel,Ride-share
11590,2024-12-28,Expense,225,Food,Restaurants
11591,2024-12-29,Expense,150,Healthcare,Medical
11592,2024-12-29,Expense,150,Healthcare,Wellness
11593,2024-12-31,Expense,550,Shopping,Electronics
11594,2025-01-01,Expense,12000,Bills,Rent
11595,2025-01-01,Expense,500,Healthcare,Gym
11596,2025-01-01,Income,50000,Salary,Monthly Salary
11597,2025-01-01,Expense,125,Food,Groceries
11598,2025-01-03,Expense,250,Healthcare,Wellness
11599,2025-01-03,Expense,425,Shopping,Electronics
11600,2025-01-03,Expense,350,Travel,Hotel
11601,2025-01-03,Expense,200,Entertainment,Movies
11602,2025-01-04,Expense,150,Entertainment,Events
11603,2025-01-04,Expense,60,Entertainment,Hobbies
11604,2025-01-04,Expense,175,Other,Miscellaneous
11605,2025-01-04,Expense,150,Food,Groceries
11606,2025-01-05,Expense,275,Travel,Fuel
11607,2025-01-05,Income,2700,Investment Returns,Dividend
11608,2025-01-05,Expense,600,Bills,Internet
11609,2025-01-05,Expense,375,Other,Miscellaneous
11610,2025-01-05,Savings,5000,Investment,SIP
11611,2025-01-05,Expense,60,Food,Coffee Shop
11612,2025-01-05,Expense,475,Shopping,Household
11613,2025-01-05,Expense,125,Other,Gifts
11614,2025-01-06,Expense,175,Entertainment,Gaming
11615,2025-01-07,Expense,900,Bills,Electricity
11616,2025-01-07,Income,900,Investment Returns,Mutual Fund Returns
11617,2025-01-07,Expense,450,Shopping,Clothing
11618,2025-01-07,Savings,650,Investment,Mutual Funds
11619,2025-01-08,Expense,250,Shopping,Books
11620,2025-01-08,Expense,90,Travel,Fuel
11621,2025-01-09,Expense,125,Food,Restaurants
11622,2025-01-10,Expense,400,Bills,Phone
11623,2025-01-10,Expense,475,Travel,Fuel
11624,2025-01-11,Expense,80,Food,Coffee Shop
11625,2025-01-11,Expense,275,Food,Bakery
11626,2025-01-11,Expense,300,Other,Donations
11627,2025-01-12,Expense,60,Food,Coffee Shop
11628,2025-01-12,Expense,600,Bills,Gas
11629,2025-01-12,Expense,60,Food,Fast Food
11630,2025-01-13,Expense,275,Healthcare,Wellness
11631,2025-01-13,Expense,60,Food,Fast Food
11632,2025-01-15,Expense,150,Other,ATM Withdrawal
11633,2025-01-15,Expense,750,Shopping,Household
11634,2025-01-15,Expense,200,Entertainment,Streaming
11635,2025-01-16,Expense,250,Entertainment,Events
11636,2025-01-17,Expense,350,Shopping,Clothing
11637,2025-01-18,Expense,175,Entertainment,Hobbies
11638,2025-01-18,Expense,350,Other,Gifts
11639,2025-01-18,Expense,175,Other,Miscellaneous
11640,2025-01-19,Expense,80,Food,Coffee Shop
11641,2025-01-20,Expense,1500,Bills,Insurance
11642,2025-01-21,Expense,100,Healthcare,Pharmacy
11643,2025-01-21,Expense,425,Travel,Taxi
11644,2025-01-21,Expense,125,Food,Delivery
11645,2025-01-21,Expense,500,Other,ATM Withdrawal
11646,2025-01-21,Expense,175,Healthcare,Wellness
11647,2025-01-22,Expense,250,Food,Groceries
11648,2025-01-22,Expense,100,Food,Coffee Shop
11649,2025-01-23,Expense,150,Entertainment,Hobbies
11650,2025-01-24,Expense,80,Food,Fast Food
11651,2025-01-24,Expense,450,Shopping,Household
11652,2025-01-25,Expense,200,Food,Delivery
11653,2025-01-25,Expense,250,Food,Delivery
11654,2025-01-25,Expense,200,Food,Restaurants
11655,2025-01-25,Expense,50,Food,Fast Food
11656,2025-01-25,Expense,475,Travel,Parking
11657,2025-01-26,Expense,60,Food,Fast Food
11658,2025-01-27,Expense,175,Other,Donations
11659,2025-01-28,Expense,375,Other,Gifts
11660,2025-01-28,Expense,80,Food,Coffee Shop
11661,2025-01-28,Expense,175,Food,Groceries
11662,2025-01-28,Expense,200,Entertainment,Movies
11663,2025-01-29,Expense,70,Food,Fast Food
11664,2025-01-30,Expense,225,Food,Groceries
11665,2025-01-30,Expense,175,Healthcare,Medical
11666,2025-01-31,Income,2600,Investment Returns,Mutual Fund Returns
11667,2025-02-01,Expense,12000,Bills,Rent
11668,2025-02-01,Expense,800,Shopping,Household
11669,2025-02-01,Expense,500,Shopping,Household
11670,2025-02-01,Income,50000,Salary,Monthly Salary
11671,2025-02-01,Expense,500,Healthcare,Gym
11672,2025-02-02,Expense,200,Food,Restaurants
11673,2025-02-03,Expense,275,Food,Delivery
11674,2025-02-03,Expense,150,Entertainment,Movies
11675,2025-02-03,Expense,90,Food,Fast Food
11676,2025-02-03,Expense,250,Travel,Parking
11677,2025-02-03,Expense,700,Shopping,Clothing
11678,2025-02-03,Expense,325,Travel,Fuel
11679,2025-02-04,Expense,375,Travel,Parking
11680,2025-02-05,Expense,600,Bills,Internet
11681,2025-02-05,Expense,550,Shopping,Personal Care
11682,2025-02-05,Savings,5000,Investment,SIP
11683,2025-02-06,Expense,200,Entertainment,Hobbies
11684,2025-02-07,Expense,125,Travel,Parking
11685,2025-02-07,Expense,375,Healthcare,Wellness
11686,2025-02-07,Expense,700,Shopping,Clothing
11687,2025-02-07,Expense,750,Bills,Electricity
11688,2025-02-07,Expense,275,Food,Delivery
11689,2025-02-09,Expense,400,Travel,Ride-share
11690,2025-02-09,Expense,600,Shopping,Books
11691,2025-02-10,Expense,400,Bills,Phone
11692,2025-02-11,Expense,275,Food,Delivery
11693,2025-02-11,Expense,250,Travel,Fuel
11694,2025-02-11,Expense,275,Travel,Taxi
11695,2025-02-12,Expense,90,Travel,Parking
11696,2025-02-12,Expense,600,Bills,Gas
11697,2025-02-14,Expense,225,Entertainment,Sports
11698,2025-02-15,Expense,50,Food,Fast Food
11699,2025-02-15,Expense,200,Entertainment,Streaming
11700,2025-02-15,Expense,225,Food,Bakery
11701,2025-02-15,Income,1700,Investment Returns,Capital Gains
11702,2025-02-15,Savings,1600,Investment,Mutual Funds
11703,2025-02-15,Expense,90,Food,Fast Food
11704,2025-02-16,Expense,425,Travel,Parking
11705,2025-02-17,Expense,475,Travel,Flight
11706,2025-02-17,Expense,250,Food,Restaurants
11707,2025-02-17,Expense,80,Food,Fast Food
11708,2025-02-17,Expense,400,Travel,Fuel
11709,2025-02-18,Expense,100,Travel,Ride-share
11710,2025-02-18,Savings,1700,Investment,Mutual Funds
11711,2025-02-19,Expense,425,Travel,Hotel
11712,2025-02-19,Expense,300,Food,Delivery
11713,2025-02-20,Expense,300,Shopping,Personal Care
11714,2025-02-20,Expense,325,Healthcare,Medical
11715,2025-02-20,Expense,1500,Bills,Insurance
11716,2025-02-20,Expense,225,Shopping,Online
11717,2025-02-21,Expense,80,Food,Coffee Shop
11718,2025-02-22,Expense,450,Travel,Parking
11719,2025-02-22,Expense,225,Other,Gifts
11720,2025-02-22,Expense,80,Food,Coffee Shop
11721,2025-02-23,Expense,275,Food,Restaurants
11722,2025-02-23,Expense,375,Travel,Fuel
11723,2025-02-23,Expense,50,Food,Coffee Shop
11724,2025-02-25,Expense,70,Food,Coffee Shop
11725,2025-02-25,Expense,100,Travel,Public Transport
11726,2025-02-25,Income,1400,Investment Returns,Dividend
11727,2025-02-25,Savings,1100,Investment,Stocks
11728,2025-02-26,Expense,150,Other,Gifts
11729,2025-02-26,Expense,200,Food,Delivery
11730,2025-02-27,Expense,225,Entertainment,Gaming
11731,2025-03-01,Expense,12000,Bills,Rent
11732,2025-03-01,Income,50000,Salary,Monthly Salary
11733,2025-03-01,Expense,500,Healthcare,Gym
11734,2025-03-01,Expense,150,Food,Groceries
11735,2025-03-02,Expense,70,Food,Coffee Shop
11736,2025-03-02,Savings,2000,Investment,Stocks
11737,2025-03-02,Expense,60,Food,Fast Food
11738,2025-03-02,Expense,100,Food,Fast Food
11739,2025-03-04,Expense,350,Shopping,Electronics
11740,2025-03-04,Expense,250,Healthcare,Medical
11741,2025-03-04,Savings,1200,Investment,Crypto
11742,2025-03-05,Expense,600,Bills,Internet
11743,2025-03-05,Savings,5000,Investment,SIP
11744,2025-03-06,Expense,750,Shopping,Online
11745,2025-03-06,Expense,250,Healthcare,Wellness
11746,2025-03-06,Expense,175,Travel,Ride-share
11747,2025-03-07,Expense,375,Travel,Fuel
11748,2025-03-07,Expense,475,Travel,Flight
11749,2025-03-07,Expense,700,Bills,Electricity
11750,2025-03-08,Expense,150,Entertainment,Movies
11751,2025-03-09,Expense,175,Healthcare,Pharmacy
11752,2025-03-09,Expense,175,Food,Delivery
11753,2025-03-09,Income,1000,Investment Returns,Mutual Fund Returns
11754,2025-03-09,Expense,175,Healthcare,Pharmacy
11755,2025-03-09,Expense,200,Other,Gifts
11756,2025-03-10,Expense,100,Food,Fast Food
11757,2025-03-10,Expense,400,Bills,Phone
11758,2025-03-12,Expense,600,Bills,Gas
11759,2025-03-12,Expense,125,Shopping,Personal Care
11760,2025-03-12,Expense,400,Other,Gifts
11761,2025-03-12,Expense,100,Other,Donations
11762,2025-03-13,Expense,200,Food,Restaurants
11763,2025-03-14,Expense,100,Travel,Taxi
11764,2025-03-14,Expense,275,Healthcare,Medical
11765,2025-03-15,Expense,200,Entertainment,Streaming
11766,2025-03-15,Expense,100,Travel,Taxi
11767,2025-03-15,Expense,150,Entertainment,Gaming
11768,2025-03-15,Expense,60,Travel,Public Transport
11769,2025-03-15,Savings,1600,Investment,Crypto
11770,2025-03-15,Expense,125,Travel,Parking
11771,2025-03-16,Expense,70,Food,Coffee Shop
11772,2025-03-16,Savings,550,Investment,Stocks
11773,2025-03-17,Expense,90,Food,Fast Food
11774,2025-03-18,Income,2300,Investment Returns,Capital Gains
11775,2025-03-18,Expense,150,Entertainment,Hobbies
11776,2025-03-18,Savings,1300,Investment,Mutual Funds
11777,2025-03-19,Expense,125,Food,Groceries
11778,2025-03-20,Expense,1500,Bills,Insurance
11779,2025-03-20,Expense,375,Healthcare,Pharmacy
11780,2025-03-21,Expense,175,Food,Bakery
11781,2025-03-21,Expense,175,Shopping,Personal Care
11782,2025-03-21,Savings,1300,Investment,Mutual Funds
11783,2025-03-21,Expense,50,Food,Fast Food
11784,2025-03-22,Expense,70,Food,Coffee Shop
11785,2025-03-23,Expense,400,Travel,Hotel
11786,2025-03-24,Expense,325,Healthcare,Wellness
11787,2025-03-24,Expense,70,Food,Coffee Shop
11788,2025-03-24,Expense,325,Shopping,Personal Care
11789,2025-03-24,Expense,175,Shopping,Personal Care
11790,2025-03-24,Expense,425,Travel,Hotel
11791,2025-03-25,Expense,70,Food,Bakery
11792,2025-03-26,Expense,175,Travel,Fuel
11793,2025-03-26,Expense,60,Travel,Public Transport
11794,2025-03-27,Savings,1700,Investment,Crypto
11795,2025-03-27,Expense,225,Other,Gifts
11796,2025-03-28,Expense,60,Food,Fast Food
11797,2025-03-29,Expense,400,Travel,Hotel
11798,2025-03-29,Expense,375,Healthcare,Wellness
11799,2025-03-30,Expense,150,Food,Bakery
11800,2025-03-31,Expense,600,Shopping,Online
11801,2025-03-31,Expense,90,Food,Groceries
11802,2025-03-31,Income,1100,Investment Returns,Mutual Fund Returns
11803,2025-03-31,Expense,350,Other,ATM Withdrawal
11804,2025-03-31,Expense,50,Food,Coffee Shop
11805,2025-04-01,Income,50000,Salary,Monthly Salary
11806,2025-04-01,Expense,500,Healthcare,Gym
11807,2025-04-01,Expense,12000,Bills,Rent
11808,2025-04-02,Expense,375,Shopping,Clothing
11809,2025-04-02,Expense,225,Food,Delivery
11810,2025-04-02,Expense,50,Food,Coffee Shop
11811,2025-04-03,Expense,150,Travel,Parking
11812,2025-04-03,Expense,150,Other,Miscellaneous
11813,2025-04-05,Expense,50,Food,Fast Food
11814,2025-04-05,Expense,600,Bills,Internet
11815,2025-04-05,Savings,5000,Investment,SIP
11816,2025-04-06,Expense,125,Entertainment,Movies
11817,2025-04-07,Expense,325,Shopping,Books
11818,2025-04-07,Expense,700,Bills,Electricity
11819,2025-04-08,Expense,90,Food,Bakery
11820,2025-04-08,Expense,125,Entertainment,Sports
11821,2025-04-08,Expense,200,Food,Bakery
11822,2025-04-08,Expense,125,Healthcare,Medical
11823,2025-04-09,Expense,90,Entertainment,Hobbies
11824,2025-04-10,Expense,425,Travel,Hotel
11825,2025-04-10,Expense,400,Bills,Phone
11826,2025-04-11,Income,2000,Investment Returns,Dividend
11827,2025-04-11,Expense,80,Food,Fast Food
11828,2025-04-11,Expense,90,Food,Coffee Shop
11829,2025-04-11,Expense,70,Food,Fast Food
11830,2025-04-11,Income,1600,Investment Returns,Mutual Fund Returns
11831,2025-04-12,Expense,90,Food,Coffee Shop
11832,2025-04-12,Expense,600,Bills,Gas
11833,2025-04-12,Expense,150,Other,Transfer
11834,2025-04-12,Expense,200,Food,Delivery
11835,2025-04-13,Expense,450,Shopping,Books
11836,2025-04-13,Expense,70,Food,Restaurants
11837,2025-04-15,Expense,200,Entertainment,Streaming
11838,2025-04-16,Savings,1900,Investment,Mutual Funds
11839,2025-04-17,Expense,425,Travel,Flight
11840,2025-04-17,Expense,400,Travel,Ride-share
11841,2025-04-18,Expense,100,Entertainment,Movies
11842,2025-04-18,Expense,50,Food,Coffee Shop
11843,2025-04-19,Expense,275,Shopping,Clothing
11844,2025-04-19,Expense,300,Food,Bakery
11845,2025-04-20,Expense,1500,Bills,Insurance
11846,2025-04-21,Expense,80,Food,Fast Food
11847,2025-04-21,Expense,125,Food,Groceries
11848,2025-04-21,Expense,80,Entertainment,Hobbies
11849,2025-04-22,Expense,500,Travel,Fuel
11850,2025-04-23,Expense,225,Healthcare,Wellness
11851,2025-04-23,Expense,80,Food,Coffee Shop
11852,2025-04-23,Expense,425,Shopping,Personal Care
11853,2025-04-24,Expense,250,Other,Transfer
11854,2025-04-24,Expense,150,Entertainment,Movies
11855,2025-04-24,Expense,150,Healthcare,Pharmacy
11856,2025-04-25,Expense,200,Other,Gifts
11857,2025-04-25,Savings,1600,Investment,Stocks
11858,2025-04-26,Expense,60,Travel,Public Transport
11859,2025-04-27,Savings,1800,Investment,Mutual Funds
11860,2025-04-27,Savings,1500,Investment,Stocks
11861,2025-04-27,Savings,950,Investment,Crypto
11862,2025-04-27,Expense,250,Shopping,Personal Care
11863,2025-04-28,Expense,225,Entertainment,Movies
11864,2025-04-29,Expense,100,Food,Fast Food
11865,2025-04-29,Expense,125,Food,Delivery
11866,2025-04-30,Expense,300,Travel,Parking
11867,2025-04-30,Expense,375,Travel,Parking
11868,2025-04-30,Expense,125,Healthcare,Wellness
11869,2025-05-01,Expense,12000,Bills,Rent
11870,2025-05-01,Expense,100,Travel,Fuel
11871,2025-05-01,Expense,500,Healthcare,Gym
11872,2025-05-01,Expense,350,Healthcare,Pharmacy
11873,2025-05-01,Income,50000,Salary,Monthly Salary
11874,2025-05-01,Income,2700,Investment Returns,Mutual Fund Returns
11875,2025-05-02,Expense,375,Other,Gifts
11876,2025-05-02,Expense,325,Shopping,Books
11877,2025-05-02,Expense,125,Travel,Parking
11878,2025-05-03,Expense,550,Shopping,Personal Care
11879,2025-05-03,Expense,70,Food,Coffee Shop
11880,2025-05-03,Expense,80,Food,Coffee Shop
11881,2025-05-03,Expense,300,Travel,Taxi
11882,2025-05-03,Expense,375,Shopping,Household
11883,2025-05-04,Expense,100,Entertainment,Hobbies
11884,2025-05-05,Expense,60,Travel,Public Transport
11885,2025-05-05,Expense,125,Other,ATM Withdrawal
11886,2025-05-05,Expense,600,Bills,Internet
11887,2025-05-05,Savings,5000,Investment,SIP
11888,2025-05-07,Expense,900,Bills,Electricity
11889,2025-05-07,Expense,375,Shopping,Household
11890,2025-05-07,Expense,600,Shopping,Personal Care
11891,2025-05-07,Expense,225,Entertainment,Hobbies
11892,2025-05-08,Expense,550,Shopping,Electronics
11893,2025-05-08,Expense,325,Shopping,Electronics
11894,2025-05-08,Expense,400,Travel,Taxi
11895,2025-05-08,Expense,90,Food,Coffee Shop
11896,2025-05-09,Expense,700,Shopping,Electronics
11897,2025-05-10,Expense,400,Bills,Phone
11898,2025-05-10,Expense,100,Travel,Public Transport
11899,2025-05-10,Expense,275,Food,Delivery
11900,2025-05-11,Expense,80,Travel,Public Transport
11901,2025-05-12,Expense,600,Bills,Gas
11902,2025-05-12,Expense,60,Food,Coffee Shop
11903,2025-05-12,Expense,475,Other,Miscellaneous
11904,2025-05-12,Expense,70,Travel,Public Transport
11905,2025-05-13,Expense,275,Healthcare,Wellness
11906,2025-05-13,Expense,90,Food,Fast Food
11907,2025-05-14,Expense,125,Food,Restaurants
11908,2025-05-15,Expense,150,Entertainment,Movies
11909,2025-05-15,Expense,200,Entertainment,Streaming
11910,2025-05-16,Expense,275,Food,Restaurants
11911,2025-05-16,Expense,60,Food,Bakery
11912,2025-05-17,Savings,1000,Investment,Fixed Deposit
11913,2025-05-17,Expense,70,Food,Coffee Shop
11914,2025-05-18,Expense,225,Travel,Taxi
11915,2025-05-18,Expense,125,Food,Bakery
11916,2025-05-18,Expense,90,Entertainment,Movies
11917,2025-05-19,Expense,150,Food,Groceries
11918,2025-05-20,Expense,1500,Bills,Insurance
11919,2025-05-21,Expense,175,Other,Donations
11920,2025-05-22,Expense,225,Food,Restaurants
11921,2025-05-22,Expense,425,Other,Miscellaneous
11922,2025-05-22,Expense,375,Other,Miscellaneous
11923,2025-05-24,Expense,150,Healthcare,Medical
11924,2025-05-25,Expense,50,Food,Coffee Shop
11925,2025-05-26,Expense,200,Other,Transfer
11926,2025-05-26,Expense,325,Travel,Ride-share
11927,2025-05-26,Expense,500,Travel,Ride-share
11928,2025-05-28,Expense,80,Food,Fast Food
11929,2025-05-28,Expense,375,Shopping,Household
11930,2025-05-29,Expense,375,Travel,Hotel
11931,2025-05-31,Expense,200,Healthcare,Wellness
11932,2025-05-31,Expense,500,Travel,Hotel
11933,2025-05-31,Expense,250,Food,Groceries
11934,2025-05-31,Expense,275,Healthcare,Pharmacy
11935,2025-05-31,Expense,50,Travel,Fuel
11936,2025-06-01,Income,50000,Salary,Monthly Salary
11937,2025-06-01,Expense,100,Food,Restaurants
11938,2025-06-01,Expense,12000,Bills,Rent
11939,2025-06-01,Income,1900,Investment Returns,Mutual Fund Returns
11940,2025-06-01,Expense,500,Healthcare,Gym
11941,2025-06-01,Expense,70,Food,Fast Food
11942,2025-06-02,Expense,350,Other,Transfer
11943,2025-06-03,Expense,125,Food,Bakery
11944,2025-06-03,Expense,475,Other,Donations
11945,2025-06-04,Expense,60,Travel,Parking
11946,2025-06-05,Expense,600,Bills,Internet
11947,2025-06-05,Expense,150,Entertainment,Hobbies
11948,2025-06-05,Savings,5000,Investment,SIP
11949,2025-06-06,Expense,375,Shopping,Books
11950,2025-06-07,Expense,800,Bills,Electricity
11951,2025-06-07,Expense,250,Food,Groceries
11952,2025-06-07,Expense,400,Shopping,Books
11953,2025-06-08,Expense,200,Other,Donations
11954,2025-06-08,Expense,425,Shopping,Clothing
11955,2025-06-08,Expense,375,Healthcare,Pharmacy
11956,2025-06-08,Expense,90,Food,Fast Food
11957,2025-06-09,Expense,750,Shopping,Books
11958,2025-06-09,Expense,300,Healthcare,Wellness
11959,2025-06-10,Expense,400,Bills,Phone
11960,2025-06-10,Expense,800,Shopping,Electronics
11961,2025-06-10,Expense,200,Entertainment,Movies
11962,2025-06-11,Expense,60,Food,Delivery
11963,2025-06-11,Expense,250,Food,Bakery
11964,2025-06-12,Expense,600,Bills,Gas
11965,2025-06-12,Expense,175,Food,Groceries
11966,2025-06-15,Expense,200,Food,Groceries
11967,2025-06-15,Expense,100,Entertainment,Hobbies
11968,2025-06-15,Expense,175,Food,Delivery
11969,2025-06-15,Expense,150,Other,Transfer
11970,2025-06-15,Expense,125,Entertainment,Sports
11971,2025-06-15,Expense,200,Entertainment,Streaming
11972,2025-06-16,Expense,100,Healthcare,Wellness
11973,2025-06-16,Expense,80,Food,Groceries
11974,2025-06-16,Expense,450,Travel,Flight
11975,2025-06-18,Savings,1500,Investment,Crypto
11976,2025-06-19,Expense,100,Entertainment,Gaming
11977,2025-06-19,Savings,1800,Investment,Crypto
11978,2025-06-19,Expense,175,Food,Groceries
11979,2025-06-20,Expense,1500,Bills,Insurance
11980,2025-06-20,Expense,90,Travel,Public Transport
11981,2025-06-20,Expense,175,Food,Groceries
11982,2025-06-20,Expense,175,Other,Transfer
11983,2025-06-21,Savings,1900,Investment,Mutual Funds
11984,2025-06-21,Expense,250,Food,Delivery
11985,2025-06-24,Expense,60,Food,Fast Food
11986,2025-06-24,Expense,125,Food,Delivery
11987,2025-06-25,Expense,375,Travel,Hotel
11988,2025-06-25,Expense,90,Food,Fast Food
11989,2025-06-26,Expense,375,Healthcare,Pharmacy
11990,2025-06-26,Expense,225,Entertainment,Gaming
11991,2025-06-26,Expense,150,Food,Bakery
11992,2025-06-26,Expense,325,Healthcare,Medical
11993,2025-06-26,Expense,300,Shopping,Online
11994,2025-06-27,Income,2500,Investment Returns,Dividend
11995,2025-06-28,Expense,125,Travel,Parking
11996,2025-06-30,Expense,250,Food,Groceries
11997,2025-06-30,Income,1300,Investment Returns,Interest
11998,2025-07-01,Income,50000,Salary,Monthly Salary
11999,2025-07-01,Expense,225,Entertainment,Gaming
12000,2025-07-01,Expense,60,Entertainment,Sports
12001,2025-07-01,Expense,500,Healthcare,Gym
12002,2025-07-01,Expense,12000,Bills,Rent
12003,2025-07-02,Savings,1400,Investment,Fixed Deposit
12004,2025-07-02,Expense,225,Food,Restaurants
12005,2025-07-02,Income,1300,Investment Returns,Capital Gains
12006,2025-07-02,Expense,200,Other,Miscellaneous
12007,2025-07-02,Expense,300,Food,Restaurants
12008,2025-07-03,Expense,400,Travel,Hotel
12009,2025-07-04,Expense,70,Entertainment,Events
12010,2025-07-05,Savings,5000,Investment,SIP
12011,2025-07-05,Expense,100,Healthcare,Pharmacy
12012,2025-07-05,Expense,600,Bills,Internet
12013,2025-07-06,Expense,225,Entertainment,Movies
12014,2025-07-07,Expense,850,Bills,Electricity
12015,2025-07-08,Expense,175,Food,Restaurants
12016,2025-07-08,Expense,750,Shopping,Electronics
12017,2025-07-08,Expense,375,Other,Gifts
12018,2025-07-08,Expense,275,Food,Bakery
12019,2025-07-09,Expense,125,Other,ATM Withdrawal
12020,2025-07-09,Savings,650,Investment,Fixed Deposit
12021,2025-07-09,Expense,350,Healthcare,Pharmacy
12022,2025-07-10,Expense,400,Travel,Hotel
12023,2025-07-10,Expense,250,Other,Gifts
12024,2025-07-10,Expense,400,Bills,Phone
12025,2025-07-11,Expense,150,Healthcare,Pharmacy
12026,2025-07-11,Expense,250,Food,Groceries
12027,2025-07-11,Expense,175,Entertainment,Events
12028,2025-07-12,Savings,750,Investment,Mutual Funds
12029,2025-07-12,Expense,70,Travel,Taxi
12030,2025-07-12,Expense,600,Bills,Gas
12031,2025-07-13,Expense,100,Food,Groceries
12032,2025-07-13,Savings,1700,Investment,Crypto
12033,2025-07-14,Expense,60,Food,Coffee Shop
12034,2025-07-14,Expense,325,Travel,Fuel
12035,2025-07-14,Savings,1600,Investment,Mutual Funds
12036,2025-07-15,Expense,600,Shopping,Personal Care
12037,2025-07-15,Expense,200,Entertainment,Streaming
12038,2025-07-16,Expense,300,Healthcare,Pharmacy
12039,2025-07-17,Expense,150,Food,Delivery
12040,2025-07-17,Expense,150,Other,ATM Withdrawal
12041,2025-07-18,Expense,225,Food,Groceries
12042,2025-07-18,Expense,80,Food,Fast Food
12043,2025-07-20,Expense,250,Other,Transfer
12044,2025-07-20,Expense,70,Food,Fast Food
12045,2025-07-20,Expense,70,Food,Fast Food
12046,2025-07-20,Expense,60,Entertainment,Movies
12047,2025-07-20,Expense,1500,Bills,Insurance
12048,2025-07-20,Expense,225,Food,Groceries
12049,2025-07-20,Expense,500,Travel,Flight
12050,2025-07-21,Expense,375,Travel,Hotel
12051,2025-07-23,Expense,225,Entertainment,Events
12052,2025-07-23,Expense,125,Entertainment,Events
12053,2025-07-24,Expense,225,Food,Groceries
12054,2025-07-24,Expense,350,Shopping,Clothing
12055,2025-07-24,Expense,100,Entertainment,Events
12056,2025-07-25,Expense,80,Food,Groceries
12057,2025-07-26,Expense,325,Shopping,Electronics
12058,2025-07-26,Expense,175,Travel,Fuel
12059,2025-07-26,Expense,125,Food,Groceries
12060,2025-07-26,Savings,1100,Investment,Stocks
12061,2025-07-30,Expense,90,Food,Bakery
12062,2025-07-30,Expense,100,Travel,Fuel
12063,2025-07-31,Expense,275,Food,Bakery
12064,2025-07-31,Expense,70,Food,Fast Food
12065,2025-08-01,Savings,1200,Investment,Fixed Deposit
12066,2025-08-01,Expense,12000,Bills,Rent
12067,2025-08-01,Expense,500,Healthcare,Gym
12068,2025-08-01,Income,50000,Salary,Monthly Salary
12069,2025-08-02,Expense,125,Food,Bakery
12070,2025-08-02,Expense,225,Shopping,Clothing
12071,2025-08-03,Expense,60,Food,Delivery
12072,2025-08-04,Expense,125,Food,Delivery
12073,2025-08-04,Expense,475,Travel,Flight
12074,2025-08-04,Expense,60,Food,Delivery
12075,2025-08-04,Expense,400,Travel,Ride-share
12076,2025-08-05,Expense,100,Other,Miscellaneous
12077,2025-08-05,Savings,5000,Investment,SIP
12078,2025-08-05,Expense,600,Bills,Internet
12079,2025-08-06,Expense,450,Travel,Hotel
12080,2025-08-06,Income,1900,Investment Returns,Capital Gains
12081,2025-08-06,Expense,300,Travel,Fuel
12082,2025-08-06,Expense,700,Shopping,Online
12083,2025-08-07,Expense,850,Bills,Electricity
12084,2025-08-08,Expense,200,Other,Transfer
12085,2025-08-09,Expense,175,Food,Bakery
12086,2025-08-09,Expense,175,Food,Bakery
12087,2025-08-10,Expense,80,Food,Fast Food
12088,2025-08-10,Expense,650,Shopping,Online
12089,2025-08-10,Savings,1600,Investment,Mutual Funds
12090,2025-08-10,Expense,400,Bills,Phone
12091,2025-08-11,Expense,60,Travel,Public Transport
12092,2025-08-11,Income,1100,Investment Returns,Mutual Fund Returns
12093,2025-08-11,Expense,275,Other,Gifts
12094,2025-08-11,Income,750,Investment Returns,Interest
12095,2025-08-12,Expense,600,Bills,Gas
12096,2025-08-12,Expense,70,Food,Delivery
12097,2025-08-12,Expense,175,Food,Bakery
12098,2025-08-12,Expense,350,Travel,Taxi
12099,2025-08-13,Expense,550,Shopping,Online
12100,2025-08-14,Expense,60,Food,Bakery
12101,2025-08-15,Expense,300,Food,Restaurants
12102,2025-08-15,Expense,200,Entertainment,Streaming
12103,2025-08-16,Expense,60,Food,Coffee Shop
12104,2025-08-17,Income,1600,Investment Returns,Dividend
12105,2025-08-18,Savings,800,Investment,Fixed Deposit
12106,2025-08-18,Expense,300,Other,Gifts
12107,2025-08-18,Expense,400,Other,Donations
12108,2025-08-19,Expense,475,Travel,Hotel
12109,2025-08-20,Expense,50,Food,Fast Food
12110,2025-08-20,Expense,200,Food,Groceries
12111,2025-08-20,Expense,1500,Bills,Insurance
12112,2025-08-21,Expense,100,Food,Restaurants
12113,2025-08-21,Expense,225,Food,Groceries
12114,2025-08-21,Expense,125,Other,Donations
12115,2025-08-21,Expense,80,Food,Fast Food
12116,2025-08-21,Expense,700,Shopping,Clothing
12117,2025-08-22,Expense,425,Travel,Hotel
12118,2025-08-23,Expense,475,Travel,Hotel
12119,2025-08-23,Expense,80,Entertainment,Sports
12120,2025-08-23,Expense,200,Food,Groceries
12121,2025-08-24,Expense,350,Shopping,Personal Care
12122,2025-08-24,Expense,125,Entertainment,Gaming
12123,2025-08-25,Expense,350,Travel,Fuel
12124,2025-08-25,Expense,175,Food,Restaurants
12125,2025-08-26,Expense,200,Entertainment,Events
12126,2025-08-26,Expense,250,Food,Restaurants
12127,2025-08-26,Expense,275,Food,Bakery
12128,2025-08-27,Expense,425,Travel,Ride-share
12129,2025-08-27,Expense,50,Food,Fast Food
12130,2025-08-27,Expense,175,Other,Donations
12131,2025-08-27,Expense,125,Healthcare,Wellness
12132,2025-08-28,Expense,70,Food,Coffee Shop
12133,2025-08-29,Expense,175,Other,Gifts
12134,2025-08-29,Expense,70,Food,Groceries
12135,2025-08-30,Expense,700,Shopping,Personal Care
12136,2025-08-30,Expense,125,Food,Delivery
12137,2025-08-31,Expense,50,Travel,Public Transport
12138,2025-08-31,Expense,750,Shopping,Online
12139,2025-08-31,Expense,275,Healthcare,Wellness
12140,2025-09-01,Savings,1100,Investment,Crypto
12141,2025-09-01,Income,50000,Salary,Monthly Salary
12142,2025-09-01,Expense,12000,Bills,Rent
12143,2025-09-01,Expense,350,Shopping,Books
12144,2025-09-01,Expense,500,Healthcare,Gym
12145,2025-09-01,Expense,350,Travel,Parking
12146,2025-09-01,Expense,175,Entertainment,Hobbies
12147,2025-09-02,Expense,150,Shopping,Online
12148,2025-09-03,Savings,1300,Investment,Stocks
12149,2025-09-04,Expense,100,Travel,Public Transport
12150,2025-09-05,Savings,5000,Investment,SIP
12151,2025-09-05,Expense,600,Bills,Internet
12152,2025-09-06,Expense,175,Entertainment,Sports
12153,2025-09-06,Expense,225,Travel,Taxi
12154,2025-09-07,Expense,70,Food,Coffee Shop
12155,2025-09-07,Expense,800,Bills,Electricity
12156,2025-09-07,Expense,90,Entertainment,Sports
12157,2025-09-07,Expense,375,Travel,Ride-share
12158,2025-09-08,Expense,225,Travel,Taxi
12159,2025-09-10,Expense,400,Bills,Phone
12160,2025-09-10,Expense,175,Food,Restaurants
12161,2025-09-10,Expense,175,Entertainment,Hobbies
12162,2025-09-10,Expense,175,Shopping,Electronics
12163,2025-09-11,Expense,100,Entertainment,Events
12164,2025-09-11,Expense,80,Food,Fast Food
12165,2025-09-12,Expense,600,Bills,Gas
12166,2025-09-12,Expense,275,Food,Restaurants
12167,2025-09-13,Expense,325,Shopping,Clothing
12168,2025-09-13,Expense,90,Food,Fast Food
12169,2025-09-13,Expense,150,Other,ATM Withdrawal
12170,2025-09-13,Expense,175,Healthcare,Wellness
12171,2025-09-15,Expense,200,Entertainment,Streaming
12172,2025-09-15,Expense,175,Entertainment,Hobbies
12173,2025-09-15,Expense,125,Shopping,Books
12174,2025-09-15,Expense,250,Healthcare,Medical
12175,2025-09-16,Expense,150,Other,Miscellaneous
12176,2025-09-16,Expense,100,Food,Groceries
12177,2025-09-16,Expense,70,Travel,Public Transport
12178,2025-09-16,Expense,425,Travel,Flight
12179,2025-09-17,Income,2400,Investment Returns,Capital Gains
12180,2025-09-17,Expense,150,Food,Delivery
12181,2025-09-18,Expense,70,Food,Fast Food
12182,2025-09-18,Expense,100,Food,Delivery
12183,2025-09-18,Expense,90,Food,Fast Food
12184,2025-09-19,Expense,450,Other,ATM Withdrawal
12185,2025-09-19,Expense,750,Shopping,Online
12186,2025-09-19,Expense,60,Food,Groceries
12187,2025-09-19,Savings,800,Investment,Mutual Funds
12188,2025-09-20,Expense,225,Healthcare,Wellness
12189,2025-09-20,Expense,1500,Bills,Insurance
12190,2025-09-20,Expense,400,Travel,Hotel
12191,2025-09-21,Expense,550,Shopping,Personal Care
12192,2025-09-22,Expense,100,Food,Restaurants
12193,2025-09-23,Expense,80,Food,Coffee Shop
12194,2025-09-23,Income,2900,Investment Returns,Mutual Fund Returns
12195,2025-09-23,Expense,100,Food,Restaurants
12196,2025-09-24,Expense,325,Shopping,Books
12197,2025-09-24,Expense,125,Entertainment,Events
12198,2025-09-26,Expense,50,Food,Coffee Shop
12199,2025-09-27,Expense,450,Travel,Flight
12200,2025-09-27,Expense,475,Travel,Ride-share
12201,2025-09-27,Expense,80,Food,Groceries
12202,2025-09-28,Expense,300,Other,ATM Withdrawal
12203,2025-09-29,Expense,70,Food,Coffee Shop
12204,2025-09-29,Expense,200,Shopping,Clothing
12205,2025-09-29,Expense,475,Travel,Taxi
12206,2025-09-29,Expense,150,Food,Restaurants
12207,2025-09-30,Expense,150,Food,Groceries
12208,2025-09-30,Expense,650,Shopping,Online
12209,2025-10-01,Expense,125,Travel,Parking
12210,2025-10-01,Income,50000,Salary,Monthly Salary
12211,2025-10-01,Expense,200,Travel,Ride-share
12212,2025-10-01,Expense,500,Healthcare,Gym
12213,2025-10-01,Expense,275,Food,Bakery
12214,2025-10-01,Expense,175,Shopping,Clothing
12215,2025-10-01,Expense,275,Other,Gifts
12216,2025-10-01,Expense,12000,Bills,Rent
12217,2025-10-02,Expense,400,Travel,Taxi
12218,2025-10-02,Expense,150,Shopping,Electronics
12219,2025-10-02,Expense,275,Food,Groceries
12220,2025-10-02,Expense,250,Food,Delivery
12221,2025-10-02,Expense,80,Food,Restaurants
12222,2025-10-03,Expense,100,Entertainment,Events
12223,2025-10-03,Expense,600,Shopping,Books
12224,2025-10-04,Expense,200,Healthcare,Pharmacy
12225,2025-10-04,Expense,350,Other,Transfer
12226,2025-10-04,Expense,200,Healthcare,Medical
12227,2025-10-04,Expense,375,Travel,Parking
12228,2025-10-05,Expense,600,Bills,Internet
12229,2025-10-05,Savings,5000,Investment,SIP
12230,2025-10-05,Expense,325,Shopping,Personal Care
12231,2025-10-05,Expense,225,Entertainment,Gaming
12232,2025-10-06,Expense,350,Shopping,Household
12233,2025-10-07,Expense,600,Shopping,Electronics
12234,2025-10-07,Expense,900,Bills,Electricity
12235,2025-10-08,Expense,250,Entertainment,Gaming
12236,2025-10-08,Expense,250,Food,Delivery
12237,2025-10-09,Expense,100,Food,Delivery
12238,2025-10-10,Expense,400,Bills,Phone
12239,2025-10-11,Expense,275,Travel,Taxi
12240,2025-10-11,Expense,80,Food,Fast Food
12241,2025-10-12,Expense,60,Entertainment,Gaming
12242,2025-10-12,Expense,500,Travel,Fuel
12243,2025-10-12,Expense,600,Bills,Gas
12244,2025-10-13,Expense,175,Food,Bakery
12245,2025-10-13,Expense,475,Shopping,Online
12246,2025-10-13,Expense,200,Entertainment,Gaming
12247,2025-10-13,Savings,1200,Investment,Crypto
12248,2025-10-15,Expense,200,Entertainment,Streaming
12249,2025-10-15,Expense,150,Healthcare,Wellness
12250,2025-10-15,Expense,150,Food,Bakery
12251,2025-10-15,Expense,90,Travel,Parking
12252,2025-10-15,Expense,275,Shopping,Online
12253,2025-10-15,Expense,70,Entertainment,Movies
12254,2025-10-16,Expense,60,Food,Coffee Shop
12255,2025-10-16,Expense,350,Other,Transfer
12256,2025-10-16,Savings,1300,Investment,Crypto
12257,2025-10-16,Expense,175,Food,Bakery
12258,2025-10-17,Expense,125,Food,Bakery
12259,2025-10-17,Expense,375,Other,Transfer
12260,2025-10-17,Expense,250,Healthcare,Pharmacy
12261,2025-10-17,Expense,150,Food,Bakery
12262,2025-10-17,Expense,70,Food,Coffee Shop
12263,2025-10-20,Expense,80,Food,Coffee Shop
12264,2025-10-20,Expense,425,Travel,Hotel
12265,2025-10-20,Expense,300,Healthcare,Medical
12266,2025-10-20,Expense,1500,Bills,Insurance
12267,2025-10-21,Expense,700,Shopping,Clothing
12268,2025-10-21,Expense,200,Travel,Ride-share
12269,2025-10-21,Income,1000,Investment Returns,Interest
12270,2025-10-22,Savings,1300,Investment,Crypto
12271,2025-10-23,Expense,300,Food,Restaurants
12272,2025-10-25,Expense,175,Entertainment,Movies
12273,2025-10-25,Expense,750,Shopping,Books
12274,2025-10-25,Expense,375,Shopping,Online
12275,2025-10-26,Expense,475,Travel,Flight
12276,2025-10-27,Expense,325,Shopping,Personal Care
12277,2025-10-29,Expense,250,Entertainment,Gaming
12278,2025-10-30,Expense,175,Shopping,Electronics
12279,2025-10-30,Savings,850,Investment,Mutual Funds
12280,2025-10-30,Expense,250,Food,Delivery
12281,2025-10-31,Expense,125,Entertainment,Gaming
12282,2025-11-01,Income,50000,Salary,Monthly Salary
12283,2025-11-01,Expense,300,Travel,Ride-share
12284,2025-11-01,Expense,500,Healthcare,Gym
12285,2025-11-01,Expense,12000,Bills,Rent
12286,2025-11-01,Expense,425,Travel,Flight
12287,2025-11-02,Expense,325,Healthcare,Pharmacy
12288,2025-11-02,Expense,60,Food,Fast Food
12289,2025-11-03,Expense,200,Shopping,Household
12290,2025-11-03,Expense,450,Travel,Hotel
12291,2025-11-04,Expense,225,Entertainment,Movies
12292,2025-11-04,Expense,80,Food,Fast Food
12293,2025-11-05,Expense,275,Food,Groceries
12294,2025-11-05,Expense,600,Bills,Internet
12295,2025-11-05,Expense,90,Food,Fast Food
12296,2025-11-05,Savings,5000,Investment,SIP
12297,2025-11-05,Expense,50,Food,Coffee Shop
12298,2025-11-06,Expense,275,Food,Bakery
12299,2025-11-06,Expense,275,Food,Groceries
12300,2025-11-07,Savings,1900,Investment,Mutual Funds
12301,2025-11-07,Expense,750,Bills,Electricity
12302,2025-11-07,Expense,200,Entertainment,Gaming
12303,2025-11-09,Expense,225,Food,Delivery
12304,2025-11-09,Expense,375,Travel,Ride-share
12305,2025-11-09,Expense,325,Other,Gifts
12306,2025-11-09,Expense,70,Food,Coffee Shop
12307,2025-11-10,Expense,400,Bills,Phone
12308,2025-11-11,Income,2600,Investment Returns,Mutual Fund Returns
12309,2025-11-11,Expense,125,Entertainment,Movies
12310,2025-11-12,Expense,200,Entertainment,Events
12311,2025-11-12,Expense,600,Bills,Gas
12312,2025-11-13,Expense,150,Food,Groceries
12313,2025-11-13,Expense,800,Shopping,Books
12314,2025-11-13,Expense,275,Healthcare,Wellness
12315,2025-11-13,Expense,200,Entertainment,Movies
12316,2025-11-15,Expense,80,Entertainment,Gaming
12317,2025-11-15,Expense,100,Travel,Parking
12318,2025-11-15,Expense,225,Entertainment,Events
12319,2025-11-15,Expense,125,Food,Groceries
12320,2025-11-15,Expense,200,Entertainment,Streaming
12321,2025-11-17,Expense,250,Food,Restaurants
12322,2025-11-17,Expense,700,Shopping,Clothing
12323,2025-11-18,Income,1000,Investment Returns,Dividend
12324,2025-11-19,Expense,90,Entertainment,Events
12325,2025-11-20,Expense,1500,Bills,Insurance
12326,2025-11-21,Expense,125,Food,Restaurants
12327,2025-11-21,Expense,150,Shopping,Electronics
12328,2025-11-21,Expense,60,Food,Coffee Shop
12329,2025-11-21,Expense,200,Food,Bakery
12330,2025-11-23,Savings,800,Investment,Mutual Funds
12331,2025-11-23,Expense,650,Shopping,Online
12332,2025-11-23,Income,1000,Investment Returns,Interest
12333,2025-11-24,Expense,175,Entertainment,Sports
12334,2025-11-24,Expense,550,Shopping,Personal Care
12335,2025-11-24,Expense,350,Healthcare,Wellness
12336,2025-11-26,Expense,275,Food,Delivery
12337,2025-11-26,Expense,125,Entertainment,Events
12338,2025-11-26,Expense,60,Food,Delivery
12339,2025-11-26,Expense,400,Healthcare,Medical
12340,2025-11-27,Expense,80,Food,Fast Food
12341,2025-11-28,Expense,90,Food,Fast Food
12342,2025-11-28,Expense,300,Travel,Taxi
12343,2025-11-29,Expense,90,Food,Fast Food
12344,2025-11-29,Expense,425,Travel,Flight
12345,2025-11-29,Expense,125,Healthcare,Medical
12346,2025-11-30,Expense,375,Other,Miscellaneous
12347,2025-11-30,Expense,600,Shopping,Household
12348,2025-12-01,Income,50000,Salary,Monthly Salary
12349,2025-12-01,Expense,12000,Bills,Rent
12350,2025-12-01,Expense,500,Healthcare,Gym
12351,2025-12-01,Expense,100,Travel,Parking
12352,2025-12-02,Expense,175,Healthcare,Medical
12353,2025-12-03,Expense,225,Entertainment,Events
12354,2025-12-03,Expense,200,Food,Delivery
12355,2025-12-03,Expense,70,Food,Fast Food
12356,2025-12-04,Expense,450,Other,Gifts
12357,2025-12-05,Savings,5000,Investment,SIP
12358,2025-12-05,Expense,600,Bills,Internet
12359,2025-12-05,Income,500,Investment Returns,Dividend
12360,2025-12-06,Expense,100,Food,Fast Food
12361,2025-12-06,Expense,175,Shopping,Household
12362,2025-12-06,Expense,175,Entertainment,Hobbies
12363,2025-12-07,Expense,475,Other,Gifts
12364,2025-12-07,Expense,800,Bills,Electricity
12365,2025-12-07,Expense,275,Other,Gifts
12366,2025-12-08,Savings,1100,Investment,Stocks
12367,2025-12-08,Expense,50,Food,Fast Food
12368,2025-12-09,Savings,1000,Investment,Mutual Funds
12369,2025-12-09,Expense,150,Food,Groceries
12370,2025-12-09,Expense,125,Shopping,Personal Care
12371,2025-12-09,Expense,150,Travel,Ride-share
12372,2025-12-09,Expense,400,Shopping,Online
12373,2025-12-09,Expense,450,Travel,Parking
12374,2025-12-10,Expense,400,Bills,Phone
12375,2025-12-10,Expense,60,Food,Coffee Shop
12376,2025-12-12,Expense,550,Shopping,Electronics
12377,2025-12-12,Expense,600,Bills,Gas
12378,2025-12-13,Expense,80,Food,Coffee Shop
12379,2025-12-14,Expense,200,Food,Groceries
12380,2025-12-14,Expense,275,Other,Miscellaneous
12381,2025-12-14,Expense,90,Travel,Public Transport
12382,2025-12-14,Expense,100,Shopping,Household
12383,2025-12-14,Expense,225,Food,Groceries
12384,2025-12-14,Savings,900,Investment,Mutual Funds
12385,2025-12-15,Expense,200,Entertainment,Streaming
12386,2025-12-16,Expense,80,Food,Delivery
12387,2025-12-16,Expense,225,Other,ATM Withdrawal
12388,2025-12-19,Savings,1200,Investment,Mutual Funds
12389,2025-12-19,Expense,225,Food,Groceries
12390,2025-12-20,Savings,1000,Investment,Fixed Deposit
12391,2025-12-20,Expense,1500,Bills,Insurance
12392,2025-12-21,Expense,150,Other,ATM Withdrawal
12393,2025-12-22,Expense,250,Entertainment,Sports
12394,2025-12-22,Expense,200,Food,Groceries
12395,2025-12-22,Expense,100,Other,Gifts
12396,2025-12-22,Expense,70,Food,Fast Food
12397,2025-12-23,Expense,60,Food,Restaurants
12398,2025-12-23,Expense,300,Other,Gifts
12399,2025-12-23,Expense,325,Travel,Ride-share
12400,2025-12-23,Expense,125,Shopping,Electronics
12401,2025-12-24,Expense,475,Other,Miscellaneous
12402,2025-12-24,Expense,200,Entertainment,Hobbies
12403,2025-12-25,Expense,225,Healthcare,Pharmacy
12404,2025-12-26,Expense,250,Other,Transfer
12405,2025-12-27,Savings,800,Investment,Mutual Funds
12406,2025-12-28,Expense,175,Entertainment,Movies
12407,2025-12-28,Expense,175,Food,Groceries
12408,2025-12-29,Expense,125,Food,Restaurants
12409,2025-12-29,Expense,275,Food,Groceries
12410,2025-12-29,Expense,100,Food,Bakery
12411,2025-12-29,Expense,375,Healthcare,Pharmacy
12412,2025-12-30,Expense,150,Travel,Parking
12413,2025-12-31,Expense,300,Healthcare,Medical
